Watching for file changes with StatReloader
"GET / HTTP/1.1" 200 54064
Forbidden: /generate/generate/
"POST /generate/generate/ HTTP/1.1" 403 43
/home/jxh/GraduateProject/mysite/mysite/settings.py changed, reloading.
Watching for file changes with StatReloader
Watching for file changes with StatReloader
Watching for file changes with StatReloader
"POST /check/check/ HTTP/1.1" 200 105
Internal Server Error: /api/user/register/
"POST /api/user/register/ HTTP/1.1" 500 102
/home/jxh/GraduateProject/mysite/myapp/views/user/auth.py changed, reloading.
/home/jxh/GraduateProject/mysite/myapp/views/user/auth.py changed, reloading.
Watching for file changes with StatReloader
Watching for file changes with StatReloader
Watching for file changes with StatReloader
Watching for file changes with StatReloader
"POST /api/user/register/ HTTP/1.1" 200 131
"POST /api/user/login/ HTTP/1.1" 200 131
"HEAD / HTTP/1.1" 200 0
Watching for file changes with StatReloader
"GET / HTTP/1.1" 200 69115
Unauthorized: /api/user/profile/
"GET /api/user/profile/ HTTP/1.1" 401 52
"POST /api/user/register/ HTTP/1.1" 200 127
Unauthorized: /api/contract/
"GET /api/contract/ HTTP/1.1" 401 52
"POST /api/user/logout/ HTTP/1.1" 200 52
/home/jxh/GraduateProject/mysite/myapp/views/generate/index.py changed, reloading.
/home/jxh/GraduateProject/mysite/myapp/views/generate/index.py changed, reloading.
/home/jxh/GraduateProject/mysite/myapp/views/generate/index.py changed, reloading.
/home/jxh/GraduateProject/mysite/myapp/views/generate/index.py changed, reloading.
Watching for file changes with StatReloader
Watching for file changes with StatReloader
Watching for file changes with StatReloader
Watching for file changes with StatReloader
/home/jxh/GraduateProject/mysite/myapp/views/check/index.py changed, reloading.
/home/jxh/GraduateProject/mysite/myapp/views/check/index.py changed, reloading.
/home/jxh/GraduateProject/mysite/myapp/views/check/index.py changed, reloading.
/home/jxh/GraduateProject/mysite/myapp/views/check/index.py changed, reloading.
Watching for file changes with StatReloader
Watching for file changes with StatReloader
Watching for file changes with StatReloader
Watching for file changes with StatReloader
Forbidden: /generate/generate/
"POST /generate/generate/ HTTP/1.1" 403 43
Forbidden: /check/check/
"POST /check/check/ HTTP/1.1" 403 43
"GET / HTTP/1.1" 200 69496
Unauthorized: /api/user/profile/
"GET /api/user/profile/ HTTP/1.1" 401 52
"GET / HTTP/1.1" 200 71710
Unauthorized: /api/user/profile/
"GET /api/user/profile/ HTTP/1.1" 401 52
"POST /api/user/login/ HTTP/1.1" 200 127
"GET /api/contract/ HTTP/1.1" 200 132
"GET / HTTP/1.1" 200 71710
"GET /api/user/profile/ HTTP/1.1" 200 164
"POST /generate/generate/ HTTP/1.1" 200 1048
Internal Server Error: /api/export/1775278861610/pdf/
"GET /api/export/1775278861610/pdf/ HTTP/1.1" 500 139
"GET / HTTP/1.1" 200 72018
"GET /api/user/profile/ HTTP/1.1" 200 164
"GET / HTTP/1.1" 200 78667
"GET /api/user/profile/ HTTP/1.1" 200 164
"GET / HTTP/1.1" 200 78667
"GET /api/user/profile/ HTTP/1.1" 200 164
"POST /api/user/logout/ HTTP/1.1" 200 52
Watching for file changes with StatReloader
Watching for file changes with StatReloader
"GET /api/docs/ HTTP/1.1" 200 4640
"GET /api/schema/ HTTP/1.1" 200 14287
"GET /api/docs/ HTTP/1.1" 200 4640
"GET /api/schema/ HTTP/1.1" 200 14287
"GET / HTTP/1.1" 200 82771
Unauthorized: /api/user/profile/
"GET /api/user/profile/ HTTP/1.1" 401 52
"GET / HTTP/1.1" 200 82771
Unauthorized: /api/user/profile/
"GET /api/user/profile/ HTTP/1.1" 401 52
"GET / HTTP/1.1" 200 82771
Unauthorized: /api/user/profile/
"GET /api/user/profile/ HTTP/1.1" 401 52
"GET / HTTP/1.1" 200 82771
Unauthorized: /api/user/profile/
"GET /api/user/profile/ HTTP/1.1" 401 52
"GET / HTTP/1.1" 200 82771
Unauthorized: /api/user/profile/
"GET /api/user/profile/ HTTP/1.1" 401 52
"GET / HTTP/1.1" 200 82771
Unauthorized: /api/user/profile/
"GET /api/user/profile/ HTTP/1.1" 401 52
"GET / HTTP/1.1" 200 82771
Unauthorized: /api/user/profile/
"GET /api/user/profile/ HTTP/1.1" 401 52
/home/jxh/GraduateProject/mysite/myapp/fronthandler.py changed, reloading.
/home/jxh/GraduateProject/mysite/myapp/fronthandler.py changed, reloading.
/home/jxh/GraduateProject/mysite/myapp/fronthandler.py changed, reloading.
/home/jxh/GraduateProject/mysite/myapp/fronthandler.py changed, reloading.
/home/jxh/GraduateProject/mysite/myapp/fronthandler.py changed, reloading.
Watching for file changes with StatReloader
/home/jxh/GraduateProject/mysite/myapp/fronthandler.py changed, reloading.
Watching for file changes with StatReloader
Watching for file changes with StatReloader
Watching for file changes with StatReloader
Watching for file changes with StatReloader
Watching for file changes with StatReloader
/home/jxh/GraduateProject/mysite/mysite/urls.py changed, reloading.
/home/jxh/GraduateProject/mysite/mysite/urls.py changed, reloading.
/home/jxh/GraduateProject/mysite/mysite/urls.py changed, reloading.
Watching for file changes with StatReloader
Watching for file changes with StatReloader
Watching for file changes with StatReloader
Watching for file changes with StatReloader
Watching for file changes with StatReloader
"GET / HTTP/1.1" 200 15877
Unauthorized: /api/user/profile/
"GET /api/user/profile/ HTTP/1.1" 401 52
Not Found: /profile/
"GET /profile/ HTTP/1.1" 404 3760
Unauthorized: /api/user/profile/
"GET /api/user/profile/ HTTP/1.1" 401 52
Not Found: /create/
"GET /create/ HTTP/1.1" 404 3757
Unauthorized: /api/user/profile/
"GET /api/user/profile/ HTTP/1.1" 401 52
Not Found: /dialog/
"GET /dialog/ HTTP/1.1" 404 3757
Unauthorized: /api/user/profile/
"GET /api/user/profile/ HTTP/1.1" 401 52
Not Found: /preview/
"GET /preview/ HTTP/1.1" 404 3760
Unauthorized: /api/user/profile/
"GET /api/user/profile/ HTTP/1.1" 401 52
Not Found: /history/
"GET /history/ HTTP/1.1" 404 3760
Unauthorized: /api/user/profile/
"GET /api/user/profile/ HTTP/1.1" 401 52
Not Found: /profile/
"GET /profile/ HTTP/1.1" 404 3760
Unauthorized: /api/user/profile/
"GET /api/user/profile/ HTTP/1.1" 401 52
"POST /api/user/login/ HTTP/1.1" 200 127
Not Found: /create/
"GET /create/ HTTP/1.1" 404 3757
"GET / HTTP/1.1" 200 15877
"GET /api/user/profile/ HTTP/1.1" 200 164
Not Found: /profile/
"GET /profile/ HTTP/1.1" 404 3760
Not Found: /create/
"GET /create/ HTTP/1.1" 404 3757
Not Found: /create/
"GET /create/ HTTP/1.1" 404 3757
Watching for file changes with StatReloader
"GET /create/ HTTP/1.1" 200 17125
"GET / HTTP/1.1" 200 15877
"GET /create/ HTTP/1.1" 200 17125
"GET /dialog/ HTTP/1.1" 200 20450
"GET /preview/ HTTP/1.1" 200 19170
"GET /check/ HTTP/1.1" 200 21025
"GET /history/ HTTP/1.1" 200 18599
"GET /profile/ HTTP/1.1" 200 18527
"GET / HTTP/1.1" 200 15877
Unauthorized: /api/user/profile/
"GET /api/user/profile/ HTTP/1.1" 401 52
Not Found: /@vite/client
"GET /@vite/client HTTP/1.1" 404 3772
Not Found: /create/
"GET /create/ HTTP/1.1" 404 3757
Not Found: /@vite/client
"GET /@vite/client HTTP/1.1" 404 3772
"GET / HTTP/1.1" 200 15877
Unauthorized: /api/user/profile/
"GET /api/user/profile/ HTTP/1.1" 401 52
Not Found: /@vite/client
"GET /@vite/client HTTP/1.1" 404 3772
Not Found: /dialog/
"GET /dialog/ HTTP/1.1" 404 3757
Not Found: /@vite/client
"GET /@vite/client HTTP/1.1" 404 3772
Unauthorized: /api/user/profile/
"GET /api/user/profile/ HTTP/1.1" 401 52
Not Found: /@vite/client
"GET /@vite/client HTTP/1.1" 404 3772
"POST /api/user/login/ HTTP/1.1" 200 127
Not Found: /create/
"GET /create/ HTTP/1.1" 404 3757
Not Found: /@vite/client
"GET /@vite/client HTTP/1.1" 404 3772
"GET / HTTP/1.1" 200 15877
"GET /api/user/profile/ HTTP/1.1" 200 164
Not Found: /@vite/client
"GET /@vite/client HTTP/1.1" 404 3772
"GET /create/ HTTP/1.1" 200 17125
/home/jxh/GraduateProject/mysite/mysite/urls.py changed, reloading.
/home/jxh/GraduateProject/mysite/mysite/urls.py changed, reloading.
/home/jxh/GraduateProject/mysite/mysite/urls.py changed, reloading.
/home/jxh/GraduateProject/mysite/mysite/urls.py changed, reloading.
/home/jxh/GraduateProject/mysite/mysite/urls.py changed, reloading.
Watching for file changes with StatReloader
Watching for file changes with StatReloader
Watching for file changes with StatReloader
Watching for file changes with StatReloader
Watching for file changes with StatReloader
/home/jxh/GraduateProject/mysite/myapp/views/generate/index.py changed, reloading.
/home/jxh/GraduateProject/mysite/myapp/views/generate/index.py changed, reloading.
/home/jxh/GraduateProject/mysite/myapp/views/generate/index.py changed, reloading.
/home/jxh/GraduateProject/mysite/myapp/views/generate/index.py changed, reloading.
/home/jxh/GraduateProject/mysite/myapp/views/generate/index.py changed, reloading.
Watching for file changes with StatReloader
Watching for file changes with StatReloader
Watching for file changes with StatReloader
Watching for file changes with StatReloader
Watching for file changes with StatReloader
"GET / HTTP/1.1" 200 15877
"GET /api/user/profile/ HTTP/1.1" 200 164
"GET /api/docs/ HTTP/1.1" 200 4640
"GET /api/schema/ HTTP/1.1" 200 14287
"GET /api/docs/ HTTP/1.1" 200 4640
"GET /api/schema/ HTTP/1.1" 200 14287
"POST /api/user/logout/ HTTP/1.1" 200 52
"POST /api/user/login/ HTTP/1.1" 200 127
"GET /create/ HTTP/1.1" 200 17125
"GET /api/user/profile/ HTTP/1.1" 200 164
"GET /dialog/ HTTP/1.1" 200 20450
"GET /api/user/profile/ HTTP/1.1" 200 164
"GET /check/ HTTP/1.1" 200 21025
"GET /api/user/profile/ HTTP/1.1" 200 164
"GET /history/ HTTP/1.1" 200 18599
"GET /api/user/profile/ HTTP/1.1" 200 164
"GET /api/contract/ HTTP/1.1" 200 132
"GET /create/ HTTP/1.1" 200 17125
"GET /api/user/profile/ HTTP/1.1" 200 164
"GET /profile/ HTTP/1.1" 200 18527
"GET /api/user/profile/ HTTP/1.1" 200 164
"GET /history/ HTTP/1.1" 200 18599
"GET /api/user/profile/ HTTP/1.1" 200 164
"GET /api/contract/ HTTP/1.1" 200 132
"GET /profile/ HTTP/1.1" 200 18527
"GET /api/user/profile/ HTTP/1.1" 200 164
"GET /create/ HTTP/1.1" 200 19459
"GET /create/ HTTP/1.1" 200 19459
"GET /create/ HTTP/1.1" 200 19459
"GET / HTTP/1.1" 200 18211
"GET /create/ HTTP/1.1" 200 19459
"GET /dialog/ HTTP/1.1" 200 21551
"GET /preview/ HTTP/1.1" 200 20271
"GET /check/ HTTP/1.1" 200 22126
"GET /history/ HTTP/1.1" 200 20933
"GET /profile/ HTTP/1.1" 200 19628
"GET /profile/ HTTP/1.1" 200 19628
"GET /api/user/profile/ HTTP/1.1" 200 164
"GET /history/ HTTP/1.1" 200 20933
"GET /api/user/profile/ HTTP/1.1" 200 164
"GET /api/contract/ HTTP/1.1" 200 132
"GET /check/ HTTP/1.1" 200 22126
"GET /api/user/profile/ HTTP/1.1" 200 164
"GET /preview/ HTTP/1.1" 200 20271
"GET /api/user/profile/ HTTP/1.1" 200 164
"GET /check/ HTTP/1.1" 200 22126
"GET /api/user/profile/ HTTP/1.1" 200 164
"GET /preview/ HTTP/1.1" 200 20271
"GET /api/user/profile/ HTTP/1.1" 200 164
"GET /create/ HTTP/1.1" 200 19459
"GET /api/user/profile/ HTTP/1.1" 200 164
"GET /check/ HTTP/1.1" 200 22126
"GET /api/user/profile/ HTTP/1.1" 200 164
"GET /preview/ HTTP/1.1" 200 20271
"GET /api/user/profile/ HTTP/1.1" 200 164
"GET /dialog/ HTTP/1.1" 200 21551
"GET /api/user/profile/ HTTP/1.1" 200 164
Not Found: /api/dialog/converse/
"POST /api/dialog/converse/ HTTP/1.1" 404 5524
Not Found: /api/dialog/converse/
"POST /api/dialog/converse/ HTTP/1.1" 404 5524
"GET /check/ HTTP/1.1" 200 22126
"GET /api/user/profile/ HTTP/1.1" 200 164
"GET /preview/ HTTP/1.1" 200 20271
"GET /api/user/profile/ HTTP/1.1" 200 164
"GET /dialog/ HTTP/1.1" 200 21551
"GET /api/user/profile/ HTTP/1.1" 200 164
"GET /create/ HTTP/1.1" 200 19459
"GET /api/user/profile/ HTTP/1.1" 200 164
"GET /dialog/ HTTP/1.1" 200 21551
"GET /api/user/profile/ HTTP/1.1" 200 164
"GET /preview/ HTTP/1.1" 200 20271
"GET /api/user/profile/ HTTP/1.1" 200 164
"GET /create/ HTTP/1.1" 200 19459
"GET /api/user/profile/ HTTP/1.1" 200 164
"GET /profile/ HTTP/1.1" 200 19628
"GET /api/user/profile/ HTTP/1.1" 200 164
"GET /dialog/ HTTP/1.1" 200 21551
"GET /api/user/profile/ HTTP/1.1" 200 164
"GET /preview/ HTTP/1.1" 200 20271
"GET /api/user/profile/ HTTP/1.1" 200 164
"GET /dialog/ HTTP/1.1" 200 21551
"GET /api/user/profile/ HTTP/1.1" 200 164
"GET /history/ HTTP/1.1" 200 20933
"GET /api/user/profile/ HTTP/1.1" 200 164
"GET /api/contract/ HTTP/1.1" 200 132
"GET /profile/ HTTP/1.1" 200 19628
"GET /api/user/profile/ HTTP/1.1" 200 164
"GET /preview/ HTTP/1.1" 200 20271
"GET /api/user/profile/ HTTP/1.1" 200 164
/home/jxh/GraduateProject/mysite/myapp/views/dialog/conversation.py changed, reloading.
/home/jxh/GraduateProject/mysite/myapp/views/dialog/conversation.py changed, reloading.
/home/jxh/GraduateProject/mysite/myapp/views/dialog/conversation.py changed, reloading.
/home/jxh/GraduateProject/mysite/myapp/views/dialog/conversation.py changed, reloading.
/home/jxh/GraduateProject/mysite/myapp/views/dialog/conversation.py changed, reloading.
Watching for file changes with StatReloader
Watching for file changes with StatReloader
Watching for file changes with StatReloader
Watching for file changes with StatReloader
Watching for file changes with StatReloader
/home/jxh/GraduateProject/mysite/myapp/views/user/auth.py changed, reloading.
/home/jxh/GraduateProject/mysite/myapp/views/user/auth.py changed, reloading.
/home/jxh/GraduateProject/mysite/myapp/views/user/auth.py changed, reloading.
/home/jxh/GraduateProject/mysite/myapp/views/user/auth.py changed, reloading.
/home/jxh/GraduateProject/mysite/myapp/views/user/auth.py changed, reloading.
Watching for file changes with StatReloader
Watching for file changes with StatReloader
Watching for file changes with StatReloader
Watching for file changes with StatReloader
Watching for file changes with StatReloader
"GET /check/ HTTP/1.1" 200 22126
Internal Server Error: /api/user/profile/
Traceback (most recent call last):
  File "/home/jxh/.local/lib/python3.10/site-packages/django/core/handlers/exception.py", line 55, in inner
    response = get_response(request)
  File "/home/jxh/.local/lib/python3.10/site-packages/django/core/handlers/base.py", line 197, in _get_response
    response = wrapped_callback(request, *callback_args, **callback_kwargs)
  File "/home/jxh/.local/lib/python3.10/site-packages/django/views/generic/base.py", line 104, in view
    return self.dispatch(request, *args, **kwargs)
  File "/home/jxh/.local/lib/python3.10/site-packages/django/views/generic/base.py", line 143, in dispatch
    return handler(request, *args, **kwargs)
  File "/home/jxh/GraduateProject/mysite/myapp/views/user/auth.py", line 149, in get
    checked_contracts = Contract.objects.filter(user=user, checked=True).count()
  File "/home/jxh/.local/lib/python3.10/site-packages/django/db/models/manager.py", line 87, in manager_method
    return getattr(self.get_queryset(), name)(*args, **kwargs)
  File "/home/jxh/.local/lib/python3.10/site-packages/django/db/models/query.py", line 1476, in filter
    return self._filter_or_exclude(False, args, kwargs)
  File "/home/jxh/.local/lib/python3.10/site-packages/django/db/models/query.py", line 1494, in _filter_or_exclude
    clone._filter_or_exclude_inplace(negate, args, kwargs)
  File "/home/jxh/.local/lib/python3.10/site-packages/django/db/models/query.py", line 1501, in _filter_or_exclude_inplace
    self._query.add_q(Q(*args, **kwargs))
  File "/home/jxh/.local/lib/python3.10/site-packages/django/db/models/sql/query.py", line 1609, in add_q
    clause, _ = self._add_q(q_object, self.used_aliases)
  File "/home/jxh/.local/lib/python3.10/site-packages/django/db/models/sql/query.py", line 1641, in _add_q
    child_clause, needed_inner = self.build_filter(
  File "/home/jxh/.local/lib/python3.10/site-packages/django/db/models/sql/query.py", line 1491, in build_filter
    lookups, parts, reffed_expression = self.solve_lookup_type(arg, summarize)
  File "/home/jxh/.local/lib/python3.10/site-packages/django/db/models/sql/query.py", line 1303, in solve_lookup_type
    _, field, _, lookup_parts = self.names_to_path(lookup_splitted, self.get_meta())
  File "/home/jxh/.local/lib/python3.10/site-packages/django/db/models/sql/query.py", line 1768, in names_to_path
    raise FieldError(
django.core.exceptions.FieldError: Cannot resolve keyword 'checked' into field. Choices are: check_result, content, conversations, created_at, file_path, id, landlord_info, lease_info, other_terms, payment_info, property_info, status, tenant_info, title, updated_at, user, user_id
"GET /api/user/profile/ HTTP/1.1" 500 128637
"GET /history/ HTTP/1.1" 200 20933
"GET /api/contract/ HTTP/1.1" 200 132
Internal Server Error: /api/user/profile/
Traceback (most recent call last):
  File "/home/jxh/.local/lib/python3.10/site-packages/django/core/handlers/exception.py", line 55, in inner
    response = get_response(request)
  File "/home/jxh/.local/lib/python3.10/site-packages/django/core/handlers/base.py", line 197, in _get_response
    response = wrapped_callback(request, *callback_args, **callback_kwargs)
  File "/home/jxh/.local/lib/python3.10/site-packages/django/views/generic/base.py", line 104, in view
    return self.dispatch(request, *args, **kwargs)
  File "/home/jxh/.local/lib/python3.10/site-packages/django/views/generic/base.py", line 143, in dispatch
    return handler(request, *args, **kwargs)
  File "/home/jxh/GraduateProject/mysite/myapp/views/user/auth.py", line 149, in get
    checked_contracts = Contract.objects.filter(user=user, checked=True).count()
  File "/home/jxh/.local/lib/python3.10/site-packages/django/db/models/manager.py", line 87, in manager_method
    return getattr(self.get_queryset(), name)(*args, **kwargs)
  File "/home/jxh/.local/lib/python3.10/site-packages/django/db/models/query.py", line 1476, in filter
    return self._filter_or_exclude(False, args, kwargs)
  File "/home/jxh/.local/lib/python3.10/site-packages/django/db/models/query.py", line 1494, in _filter_or_exclude
    clone._filter_or_exclude_inplace(negate, args, kwargs)
  File "/home/jxh/.local/lib/python3.10/site-packages/django/db/models/query.py", line 1501, in _filter_or_exclude_inplace
    self._query.add_q(Q(*args, **kwargs))
  File "/home/jxh/.local/lib/python3.10/site-packages/django/db/models/sql/query.py", line 1609, in add_q
    clause, _ = self._add_q(q_object, self.used_aliases)
  File "/home/jxh/.local/lib/python3.10/site-packages/django/db/models/sql/query.py", line 1641, in _add_q
    child_clause, needed_inner = self.build_filter(
  File "/home/jxh/.local/lib/python3.10/site-packages/django/db/models/sql/query.py", line 1491, in build_filter
    lookups, parts, reffed_expression = self.solve_lookup_type(arg, summarize)
  File "/home/jxh/.local/lib/python3.10/site-packages/django/db/models/sql/query.py", line 1303, in solve_lookup_type
    _, field, _, lookup_parts = self.names_to_path(lookup_splitted, self.get_meta())
  File "/home/jxh/.local/lib/python3.10/site-packages/django/db/models/sql/query.py", line 1768, in names_to_path
    raise FieldError(
django.core.exceptions.FieldError: Cannot resolve keyword 'checked' into field. Choices are: check_result, content, conversations, created_at, file_path, id, landlord_info, lease_info, other_terms, payment_info, property_info, status, tenant_info, title, updated_at, user, user_id
"GET /api/user/profile/ HTTP/1.1" 500 128639
"GET /create/ HTTP/1.1" 200 19459
Internal Server Error: /api/user/profile/
Traceback (most recent call last):
  File "/home/jxh/.local/lib/python3.10/site-packages/django/core/handlers/exception.py", line 55, in inner
    response = get_response(request)
  File "/home/jxh/.local/lib/python3.10/site-packages/django/core/handlers/base.py", line 197, in _get_response
    response = wrapped_callback(request, *callback_args, **callback_kwargs)
  File "/home/jxh/.local/lib/python3.10/site-packages/django/views/generic/base.py", line 104, in view
    return self.dispatch(request, *args, **kwargs)
  File "/home/jxh/.local/lib/python3.10/site-packages/django/views/generic/base.py", line 143, in dispatch
    return handler(request, *args, **kwargs)
  File "/home/jxh/GraduateProject/mysite/myapp/views/user/auth.py", line 149, in get
    checked_contracts = Contract.objects.filter(user=user, checked=True).count()
  File "/home/jxh/.local/lib/python3.10/site-packages/django/db/models/manager.py", line 87, in manager_method
    return getattr(self.get_queryset(), name)(*args, **kwargs)
  File "/home/jxh/.local/lib/python3.10/site-packages/django/db/models/query.py", line 1476, in filter
    return self._filter_or_exclude(False, args, kwargs)
  File "/home/jxh/.local/lib/python3.10/site-packages/django/db/models/query.py", line 1494, in _filter_or_exclude
    clone._filter_or_exclude_inplace(negate, args, kwargs)
  File "/home/jxh/.local/lib/python3.10/site-packages/django/db/models/query.py", line 1501, in _filter_or_exclude_inplace
    self._query.add_q(Q(*args, **kwargs))
  File "/home/jxh/.local/lib/python3.10/site-packages/django/db/models/sql/query.py", line 1609, in add_q
    clause, _ = self._add_q(q_object, self.used_aliases)
  File "/home/jxh/.local/lib/python3.10/site-packages/django/db/models/sql/query.py", line 1641, in _add_q
    child_clause, needed_inner = self.build_filter(
  File "/home/jxh/.local/lib/python3.10/site-packages/django/db/models/sql/query.py", line 1491, in build_filter
    lookups, parts, reffed_expression = self.solve_lookup_type(arg, summarize)
  File "/home/jxh/.local/lib/python3.10/site-packages/django/db/models/sql/query.py", line 1303, in solve_lookup_type
    _, field, _, lookup_parts = self.names_to_path(lookup_splitted, self.get_meta())
  File "/home/jxh/.local/lib/python3.10/site-packages/django/db/models/sql/query.py", line 1768, in names_to_path
    raise FieldError(
django.core.exceptions.FieldError: Cannot resolve keyword 'checked' into field. Choices are: check_result, content, conversations, created_at, file_path, id, landlord_info, lease_info, other_terms, payment_info, property_info, status, tenant_info, title, updated_at, user, user_id
"GET /api/user/profile/ HTTP/1.1" 500 128638
"GET /check/ HTTP/1.1" 200 22126
Internal Server Error: /api/user/profile/
Traceback (most recent call last):
  File "/home/jxh/.local/lib/python3.10/site-packages/django/core/handlers/exception.py", line 55, in inner
    response = get_response(request)
  File "/home/jxh/.local/lib/python3.10/site-packages/django/core/handlers/base.py", line 197, in _get_response
    response = wrapped_callback(request, *callback_args, **callback_kwargs)
  File "/home/jxh/.local/lib/python3.10/site-packages/django/views/generic/base.py", line 104, in view
    return self.dispatch(request, *args, **kwargs)
  File "/home/jxh/.local/lib/python3.10/site-packages/django/views/generic/base.py", line 143, in dispatch
    return handler(request, *args, **kwargs)
  File "/home/jxh/GraduateProject/mysite/myapp/views/user/auth.py", line 149, in get
    checked_contracts = Contract.objects.filter(user=user, checked=True).count()
  File "/home/jxh/.local/lib/python3.10/site-packages/django/db/models/manager.py", line 87, in manager_method
    return getattr(self.get_queryset(), name)(*args, **kwargs)
  File "/home/jxh/.local/lib/python3.10/site-packages/django/db/models/query.py", line 1476, in filter
    return self._filter_or_exclude(False, args, kwargs)
  File "/home/jxh/.local/lib/python3.10/site-packages/django/db/models/query.py", line 1494, in _filter_or_exclude
    clone._filter_or_exclude_inplace(negate, args, kwargs)
  File "/home/jxh/.local/lib/python3.10/site-packages/django/db/models/query.py", line 1501, in _filter_or_exclude_inplace
    self._query.add_q(Q(*args, **kwargs))
  File "/home/jxh/.local/lib/python3.10/site-packages/django/db/models/sql/query.py", line 1609, in add_q
    clause, _ = self._add_q(q_object, self.used_aliases)
  File "/home/jxh/.local/lib/python3.10/site-packages/django/db/models/sql/query.py", line 1641, in _add_q
    child_clause, needed_inner = self.build_filter(
  File "/home/jxh/.local/lib/python3.10/site-packages/django/db/models/sql/query.py", line 1491, in build_filter
    lookups, parts, reffed_expression = self.solve_lookup_type(arg, summarize)
  File "/home/jxh/.local/lib/python3.10/site-packages/django/db/models/sql/query.py", line 1303, in solve_lookup_type
    _, field, _, lookup_parts = self.names_to_path(lookup_splitted, self.get_meta())
  File "/home/jxh/.local/lib/python3.10/site-packages/django/db/models/sql/query.py", line 1768, in names_to_path
    raise FieldError(
django.core.exceptions.FieldError: Cannot resolve keyword 'checked' into field. Choices are: check_result, content, conversations, created_at, file_path, id, landlord_info, lease_info, other_terms, payment_info, property_info, status, tenant_info, title, updated_at, user, user_id
"GET /api/user/profile/ HTTP/1.1" 500 128637
"GET /preview/ HTTP/1.1" 200 20271
Internal Server Error: /api/user/profile/
Traceback (most recent call last):
  File "/home/jxh/.local/lib/python3.10/site-packages/django/core/handlers/exception.py", line 55, in inner
    response = get_response(request)
  File "/home/jxh/.local/lib/python3.10/site-packages/django/core/handlers/base.py", line 197, in _get_response
    response = wrapped_callback(request, *callback_args, **callback_kwargs)
  File "/home/jxh/.local/lib/python3.10/site-packages/django/views/generic/base.py", line 104, in view
    return self.dispatch(request, *args, **kwargs)
  File "/home/jxh/.local/lib/python3.10/site-packages/django/views/generic/base.py", line 143, in dispatch
    return handler(request, *args, **kwargs)
  File "/home/jxh/GraduateProject/mysite/myapp/views/user/auth.py", line 149, in get
    checked_contracts = Contract.objects.filter(user=user, checked=True).count()
  File "/home/jxh/.local/lib/python3.10/site-packages/django/db/models/manager.py", line 87, in manager_method
    return getattr(self.get_queryset(), name)(*args, **kwargs)
  File "/home/jxh/.local/lib/python3.10/site-packages/django/db/models/query.py", line 1476, in filter
    return self._filter_or_exclude(False, args, kwargs)
  File "/home/jxh/.local/lib/python3.10/site-packages/django/db/models/query.py", line 1494, in _filter_or_exclude
    clone._filter_or_exclude_inplace(negate, args, kwargs)
  File "/home/jxh/.local/lib/python3.10/site-packages/django/db/models/query.py", line 1501, in _filter_or_exclude_inplace
    self._query.add_q(Q(*args, **kwargs))
  File "/home/jxh/.local/lib/python3.10/site-packages/django/db/models/sql/query.py", line 1609, in add_q
    clause, _ = self._add_q(q_object, self.used_aliases)
  File "/home/jxh/.local/lib/python3.10/site-packages/django/db/models/sql/query.py", line 1641, in _add_q
    child_clause, needed_inner = self.build_filter(
  File "/home/jxh/.local/lib/python3.10/site-packages/django/db/models/sql/query.py", line 1491, in build_filter
    lookups, parts, reffed_expression = self.solve_lookup_type(arg, summarize)
  File "/home/jxh/.local/lib/python3.10/site-packages/django/db/models/sql/query.py", line 1303, in solve_lookup_type
    _, field, _, lookup_parts = self.names_to_path(lookup_splitted, self.get_meta())
  File "/home/jxh/.local/lib/python3.10/site-packages/django/db/models/sql/query.py", line 1768, in names_to_path
    raise FieldError(
django.core.exceptions.FieldError: Cannot resolve keyword 'checked' into field. Choices are: check_result, content, conversations, created_at, file_path, id, landlord_info, lease_info, other_terms, payment_info, property_info, status, tenant_info, title, updated_at, user, user_id
"GET /api/user/profile/ HTTP/1.1" 500 128639
"GET /create/ HTTP/1.1" 200 19459
Internal Server Error: /api/user/profile/
Traceback (most recent call last):
  File "/home/jxh/.local/lib/python3.10/site-packages/django/core/handlers/exception.py", line 55, in inner
    response = get_response(request)
  File "/home/jxh/.local/lib/python3.10/site-packages/django/core/handlers/base.py", line 197, in _get_response
    response = wrapped_callback(request, *callback_args, **callback_kwargs)
  File "/home/jxh/.local/lib/python3.10/site-packages/django/views/generic/base.py", line 104, in view
    return self.dispatch(request, *args, **kwargs)
  File "/home/jxh/.local/lib/python3.10/site-packages/django/views/generic/base.py", line 143, in dispatch
    return handler(request, *args, **kwargs)
  File "/home/jxh/GraduateProject/mysite/myapp/views/user/auth.py", line 149, in get
    checked_contracts = Contract.objects.filter(user=user, checked=True).count()
  File "/home/jxh/.local/lib/python3.10/site-packages/django/db/models/manager.py", line 87, in manager_method
    return getattr(self.get_queryset(), name)(*args, **kwargs)
  File "/home/jxh/.local/lib/python3.10/site-packages/django/db/models/query.py", line 1476, in filter
    return self._filter_or_exclude(False, args, kwargs)
  File "/home/jxh/.local/lib/python3.10/site-packages/django/db/models/query.py", line 1494, in _filter_or_exclude
    clone._filter_or_exclude_inplace(negate, args, kwargs)
  File "/home/jxh/.local/lib/python3.10/site-packages/django/db/models/query.py", line 1501, in _filter_or_exclude_inplace
    self._query.add_q(Q(*args, **kwargs))
  File "/home/jxh/.local/lib/python3.10/site-packages/django/db/models/sql/query.py", line 1609, in add_q
    clause, _ = self._add_q(q_object, self.used_aliases)
  File "/home/jxh/.local/lib/python3.10/site-packages/django/db/models/sql/query.py", line 1641, in _add_q
    child_clause, needed_inner = self.build_filter(
  File "/home/jxh/.local/lib/python3.10/site-packages/django/db/models/sql/query.py", line 1491, in build_filter
    lookups, parts, reffed_expression = self.solve_lookup_type(arg, summarize)
  File "/home/jxh/.local/lib/python3.10/site-packages/django/db/models/sql/query.py", line 1303, in solve_lookup_type
    _, field, _, lookup_parts = self.names_to_path(lookup_splitted, self.get_meta())
  File "/home/jxh/.local/lib/python3.10/site-packages/django/db/models/sql/query.py", line 1768, in names_to_path
    raise FieldError(
django.core.exceptions.FieldError: Cannot resolve keyword 'checked' into field. Choices are: check_result, content, conversations, created_at, file_path, id, landlord_info, lease_info, other_terms, payment_info, property_info, status, tenant_info, title, updated_at, user, user_id
"GET /api/user/profile/ HTTP/1.1" 500 128638
"GET /api/user/csrf/ HTTP/1.1" 200 144
Unauthorized: /api/dialog/start/
"POST /api/dialog/start/ HTTP/1.1" 401 52
"GET /api/user/csrf/ HTTP/1.1" 200 144
"POST /api/user/login/ HTTP/1.1" 200 131
"GET /api/user/csrf/ HTTP/1.1" 200 144
Unauthorized: /api/dialog/start/
"POST /api/dialog/start/ HTTP/1.1" 401 52
"GET /api/user/csrf/ HTTP/1.1" 200 144
"POST /api/user/login/ HTTP/1.1" 200 131
"GET /api/user/csrf/ HTTP/1.1" 200 144
Not Found: /api/dialog/start/
"POST /api/dialog/start/ HTTP/1.1" 404 58
"GET /api/user/csrf/ HTTP/1.1" 200 144
Method Not Allowed (POST): /api/contract/
Method Not Allowed: /api/contract/
"POST /api/contract/ HTTP/1.1" 405 0
"GET /create/ HTTP/1.1" 200 19459
Internal Server Error: /api/user/profile/
Traceback (most recent call last):
  File "/home/jxh/.local/lib/python3.10/site-packages/django/core/handlers/exception.py", line 55, in inner
    response = get_response(request)
  File "/home/jxh/.local/lib/python3.10/site-packages/django/core/handlers/base.py", line 197, in _get_response
    response = wrapped_callback(request, *callback_args, **callback_kwargs)
  File "/home/jxh/.local/lib/python3.10/site-packages/django/views/generic/base.py", line 104, in view
    return self.dispatch(request, *args, **kwargs)
  File "/home/jxh/.local/lib/python3.10/site-packages/django/views/generic/base.py", line 143, in dispatch
    return handler(request, *args, **kwargs)
  File "/home/jxh/GraduateProject/mysite/myapp/views/user/auth.py", line 149, in get
    checked_contracts = Contract.objects.filter(user=user, checked=True).count()
  File "/home/jxh/.local/lib/python3.10/site-packages/django/db/models/manager.py", line 87, in manager_method
    return getattr(self.get_queryset(), name)(*args, **kwargs)
  File "/home/jxh/.local/lib/python3.10/site-packages/django/db/models/query.py", line 1476, in filter
    return self._filter_or_exclude(False, args, kwargs)
  File "/home/jxh/.local/lib/python3.10/site-packages/django/db/models/query.py", line 1494, in _filter_or_exclude
    clone._filter_or_exclude_inplace(negate, args, kwargs)
  File "/home/jxh/.local/lib/python3.10/site-packages/django/db/models/query.py", line 1501, in _filter_or_exclude_inplace
    self._query.add_q(Q(*args, **kwargs))
  File "/home/jxh/.local/lib/python3.10/site-packages/django/db/models/sql/query.py", line 1609, in add_q
    clause, _ = self._add_q(q_object, self.used_aliases)
  File "/home/jxh/.local/lib/python3.10/site-packages/django/db/models/sql/query.py", line 1641, in _add_q
    child_clause, needed_inner = self.build_filter(
  File "/home/jxh/.local/lib/python3.10/site-packages/django/db/models/sql/query.py", line 1491, in build_filter
    lookups, parts, reffed_expression = self.solve_lookup_type(arg, summarize)
  File "/home/jxh/.local/lib/python3.10/site-packages/django/db/models/sql/query.py", line 1303, in solve_lookup_type
    _, field, _, lookup_parts = self.names_to_path(lookup_splitted, self.get_meta())
  File "/home/jxh/.local/lib/python3.10/site-packages/django/db/models/sql/query.py", line 1768, in names_to_path
    raise FieldError(
django.core.exceptions.FieldError: Cannot resolve keyword 'checked' into field. Choices are: check_result, content, conversations, created_at, file_path, id, landlord_info, lease_info, other_terms, payment_info, property_info, status, tenant_info, title, updated_at, user, user_id
"GET /api/user/profile/ HTTP/1.1" 500 128638
"POST /api/user/login/ HTTP/1.1" 200 127
"GET /check/ HTTP/1.1" 200 22126
Internal Server Error: /api/user/profile/
Traceback (most recent call last):
  File "/home/jxh/.local/lib/python3.10/site-packages/django/core/handlers/exception.py", line 55, in inner
    response = get_response(request)
  File "/home/jxh/.local/lib/python3.10/site-packages/django/core/handlers/base.py", line 197, in _get_response
    response = wrapped_callback(request, *callback_args, **callback_kwargs)
  File "/home/jxh/.local/lib/python3.10/site-packages/django/views/generic/base.py", line 104, in view
    return self.dispatch(request, *args, **kwargs)
  File "/home/jxh/.local/lib/python3.10/site-packages/django/views/generic/base.py", line 143, in dispatch
    return handler(request, *args, **kwargs)
  File "/home/jxh/GraduateProject/mysite/myapp/views/user/auth.py", line 149, in get
    checked_contracts = Contract.objects.filter(user=user, checked=True).count()
  File "/home/jxh/.local/lib/python3.10/site-packages/django/db/models/manager.py", line 87, in manager_method
    return getattr(self.get_queryset(), name)(*args, **kwargs)
  File "/home/jxh/.local/lib/python3.10/site-packages/django/db/models/query.py", line 1476, in filter
    return self._filter_or_exclude(False, args, kwargs)
  File "/home/jxh/.local/lib/python3.10/site-packages/django/db/models/query.py", line 1494, in _filter_or_exclude
    clone._filter_or_exclude_inplace(negate, args, kwargs)
  File "/home/jxh/.local/lib/python3.10/site-packages/django/db/models/query.py", line 1501, in _filter_or_exclude_inplace
    self._query.add_q(Q(*args, **kwargs))
  File "/home/jxh/.local/lib/python3.10/site-packages/django/db/models/sql/query.py", line 1609, in add_q
    clause, _ = self._add_q(q_object, self.used_aliases)
  File "/home/jxh/.local/lib/python3.10/site-packages/django/db/models/sql/query.py", line 1641, in _add_q
    child_clause, needed_inner = self.build_filter(
  File "/home/jxh/.local/lib/python3.10/site-packages/django/db/models/sql/query.py", line 1491, in build_filter
    lookups, parts, reffed_expression = self.solve_lookup_type(arg, summarize)
  File "/home/jxh/.local/lib/python3.10/site-packages/django/db/models/sql/query.py", line 1303, in solve_lookup_type
    _, field, _, lookup_parts = self.names_to_path(lookup_splitted, self.get_meta())
  File "/home/jxh/.local/lib/python3.10/site-packages/django/db/models/sql/query.py", line 1768, in names_to_path
    raise FieldError(
django.core.exceptions.FieldError: Cannot resolve keyword 'checked' into field. Choices are: check_result, content, conversations, created_at, file_path, id, landlord_info, lease_info, other_terms, payment_info, property_info, status, tenant_info, title, updated_at, user, user_id
"GET /api/user/profile/ HTTP/1.1" 500 128637
"GET /history/ HTTP/1.1" 200 20933
"GET /api/contract/ HTTP/1.1" 200 132
Internal Server Error: /api/user/profile/
Traceback (most recent call last):
  File "/home/jxh/.local/lib/python3.10/site-packages/django/core/handlers/exception.py", line 55, in inner
    response = get_response(request)
  File "/home/jxh/.local/lib/python3.10/site-packages/django/core/handlers/base.py", line 197, in _get_response
    response = wrapped_callback(request, *callback_args, **callback_kwargs)
  File "/home/jxh/.local/lib/python3.10/site-packages/django/views/generic/base.py", line 104, in view
    return self.dispatch(request, *args, **kwargs)
  File "/home/jxh/.local/lib/python3.10/site-packages/django/views/generic/base.py", line 143, in dispatch
    return handler(request, *args, **kwargs)
  File "/home/jxh/GraduateProject/mysite/myapp/views/user/auth.py", line 149, in get
    checked_contracts = Contract.objects.filter(user=user, checked=True).count()
  File "/home/jxh/.local/lib/python3.10/site-packages/django/db/models/manager.py", line 87, in manager_method
    return getattr(self.get_queryset(), name)(*args, **kwargs)
  File "/home/jxh/.local/lib/python3.10/site-packages/django/db/models/query.py", line 1476, in filter
    return self._filter_or_exclude(False, args, kwargs)
  File "/home/jxh/.local/lib/python3.10/site-packages/django/db/models/query.py", line 1494, in _filter_or_exclude
    clone._filter_or_exclude_inplace(negate, args, kwargs)
  File "/home/jxh/.local/lib/python3.10/site-packages/django/db/models/query.py", line 1501, in _filter_or_exclude_inplace
    self._query.add_q(Q(*args, **kwargs))
  File "/home/jxh/.local/lib/python3.10/site-packages/django/db/models/sql/query.py", line 1609, in add_q
    clause, _ = self._add_q(q_object, self.used_aliases)
  File "/home/jxh/.local/lib/python3.10/site-packages/django/db/models/sql/query.py", line 1641, in _add_q
    child_clause, needed_inner = self.build_filter(
  File "/home/jxh/.local/lib/python3.10/site-packages/django/db/models/sql/query.py", line 1491, in build_filter
    lookups, parts, reffed_expression = self.solve_lookup_type(arg, summarize)
  File "/home/jxh/.local/lib/python3.10/site-packages/django/db/models/sql/query.py", line 1303, in solve_lookup_type
    _, field, _, lookup_parts = self.names_to_path(lookup_splitted, self.get_meta())
  File "/home/jxh/.local/lib/python3.10/site-packages/django/db/models/sql/query.py", line 1768, in names_to_path
    raise FieldError(
django.core.exceptions.FieldError: Cannot resolve keyword 'checked' into field. Choices are: check_result, content, conversations, created_at, file_path, id, landlord_info, lease_info, other_terms, payment_info, property_info, status, tenant_info, title, updated_at, user, user_id
"GET /api/user/profile/ HTTP/1.1" 500 128639
"GET /profile/ HTTP/1.1" 200 19774
Internal Server Error: /api/user/profile/
Traceback (most recent call last):
  File "/home/jxh/.local/lib/python3.10/site-packages/django/core/handlers/exception.py", line 55, in inner
    response = get_response(request)
  File "/home/jxh/.local/lib/python3.10/site-packages/django/core/handlers/base.py", line 197, in _get_response
    response = wrapped_callback(request, *callback_args, **callback_kwargs)
  File "/home/jxh/.local/lib/python3.10/site-packages/django/views/generic/base.py", line 104, in view
    return self.dispatch(request, *args, **kwargs)
  File "/home/jxh/.local/lib/python3.10/site-packages/django/views/generic/base.py", line 143, in dispatch
    return handler(request, *args, **kwargs)
  File "/home/jxh/GraduateProject/mysite/myapp/views/user/auth.py", line 149, in get
    checked_contracts = Contract.objects.filter(user=user, checked=True).count()
  File "/home/jxh/.local/lib/python3.10/site-packages/django/db/models/manager.py", line 87, in manager_method
    return getattr(self.get_queryset(), name)(*args, **kwargs)
  File "/home/jxh/.local/lib/python3.10/site-packages/django/db/models/query.py", line 1476, in filter
    return self._filter_or_exclude(False, args, kwargs)
  File "/home/jxh/.local/lib/python3.10/site-packages/django/db/models/query.py", line 1494, in _filter_or_exclude
    clone._filter_or_exclude_inplace(negate, args, kwargs)
  File "/home/jxh/.local/lib/python3.10/site-packages/django/db/models/query.py", line 1501, in _filter_or_exclude_inplace
    self._query.add_q(Q(*args, **kwargs))
  File "/home/jxh/.local/lib/python3.10/site-packages/django/db/models/sql/query.py", line 1609, in add_q
    clause, _ = self._add_q(q_object, self.used_aliases)
  File "/home/jxh/.local/lib/python3.10/site-packages/django/db/models/sql/query.py", line 1641, in _add_q
    child_clause, needed_inner = self.build_filter(
  File "/home/jxh/.local/lib/python3.10/site-packages/django/db/models/sql/query.py", line 1491, in build_filter
    lookups, parts, reffed_expression = self.solve_lookup_type(arg, summarize)
  File "/home/jxh/.local/lib/python3.10/site-packages/django/db/models/sql/query.py", line 1303, in solve_lookup_type
    _, field, _, lookup_parts = self.names_to_path(lookup_splitted, self.get_meta())
  File "/home/jxh/.local/lib/python3.10/site-packages/django/db/models/sql/query.py", line 1768, in names_to_path
    raise FieldError(
django.core.exceptions.FieldError: Cannot resolve keyword 'checked' into field. Choices are: check_result, content, conversations, created_at, file_path, id, landlord_info, lease_info, other_terms, payment_info, property_info, status, tenant_info, title, updated_at, user, user_id
"GET /api/user/profile/ HTTP/1.1" 500 128639
Internal Server Error: /api/user/profile/
Traceback (most recent call last):
  File "/home/jxh/.local/lib/python3.10/site-packages/django/core/handlers/exception.py", line 55, in inner
    response = get_response(request)
  File "/home/jxh/.local/lib/python3.10/site-packages/django/core/handlers/base.py", line 197, in _get_response
    response = wrapped_callback(request, *callback_args, **callback_kwargs)
  File "/home/jxh/.local/lib/python3.10/site-packages/django/views/generic/base.py", line 104, in view
    return self.dispatch(request, *args, **kwargs)
  File "/home/jxh/.local/lib/python3.10/site-packages/django/views/generic/base.py", line 143, in dispatch
    return handler(request, *args, **kwargs)
  File "/home/jxh/GraduateProject/mysite/myapp/views/user/auth.py", line 149, in get
    checked_contracts = Contract.objects.filter(user=user, checked=True).count()
  File "/home/jxh/.local/lib/python3.10/site-packages/django/db/models/manager.py", line 87, in manager_method
    return getattr(self.get_queryset(), name)(*args, **kwargs)
  File "/home/jxh/.local/lib/python3.10/site-packages/django/db/models/query.py", line 1476, in filter
    return self._filter_or_exclude(False, args, kwargs)
  File "/home/jxh/.local/lib/python3.10/site-packages/django/db/models/query.py", line 1494, in _filter_or_exclude
    clone._filter_or_exclude_inplace(negate, args, kwargs)
  File "/home/jxh/.local/lib/python3.10/site-packages/django/db/models/query.py", line 1501, in _filter_or_exclude_inplace
    self._query.add_q(Q(*args, **kwargs))
  File "/home/jxh/.local/lib/python3.10/site-packages/django/db/models/sql/query.py", line 1609, in add_q
    clause, _ = self._add_q(q_object, self.used_aliases)
  File "/home/jxh/.local/lib/python3.10/site-packages/django/db/models/sql/query.py", line 1641, in _add_q
    child_clause, needed_inner = self.build_filter(
  File "/home/jxh/.local/lib/python3.10/site-packages/django/db/models/sql/query.py", line 1491, in build_filter
    lookups, parts, reffed_expression = self.solve_lookup_type(arg, summarize)
  File "/home/jxh/.local/lib/python3.10/site-packages/django/db/models/sql/query.py", line 1303, in solve_lookup_type
    _, field, _, lookup_parts = self.names_to_path(lookup_splitted, self.get_meta())
  File "/home/jxh/.local/lib/python3.10/site-packages/django/db/models/sql/query.py", line 1768, in names_to_path
    raise FieldError(
django.core.exceptions.FieldError: Cannot resolve keyword 'checked' into field. Choices are: check_result, content, conversations, created_at, file_path, id, landlord_info, lease_info, other_terms, payment_info, property_info, status, tenant_info, title, updated_at, user, user_id
"GET /api/user/profile/ HTTP/1.1" 500 128639
"POST /api/user/login/ HTTP/1.1" 200 127
Internal Server Error: /api/user/profile/
Traceback (most recent call last):
  File "/home/jxh/.local/lib/python3.10/site-packages/django/core/handlers/exception.py", line 55, in inner
    response = get_response(request)
  File "/home/jxh/.local/lib/python3.10/site-packages/django/core/handlers/base.py", line 197, in _get_response
    response = wrapped_callback(request, *callback_args, **callback_kwargs)
  File "/home/jxh/.local/lib/python3.10/site-packages/django/views/generic/base.py", line 104, in view
    return self.dispatch(request, *args, **kwargs)
  File "/home/jxh/.local/lib/python3.10/site-packages/django/views/generic/base.py", line 143, in dispatch
    return handler(request, *args, **kwargs)
  File "/home/jxh/GraduateProject/mysite/myapp/views/user/auth.py", line 149, in get
    checked_contracts = Contract.objects.filter(user=user, checked=True).count()
  File "/home/jxh/.local/lib/python3.10/site-packages/django/db/models/manager.py", line 87, in manager_method
    return getattr(self.get_queryset(), name)(*args, **kwargs)
  File "/home/jxh/.local/lib/python3.10/site-packages/django/db/models/query.py", line 1476, in filter
    return self._filter_or_exclude(False, args, kwargs)
  File "/home/jxh/.local/lib/python3.10/site-packages/django/db/models/query.py", line 1494, in _filter_or_exclude
    clone._filter_or_exclude_inplace(negate, args, kwargs)
  File "/home/jxh/.local/lib/python3.10/site-packages/django/db/models/query.py", line 1501, in _filter_or_exclude_inplace
    self._query.add_q(Q(*args, **kwargs))
  File "/home/jxh/.local/lib/python3.10/site-packages/django/db/models/sql/query.py", line 1609, in add_q
    clause, _ = self._add_q(q_object, self.used_aliases)
  File "/home/jxh/.local/lib/python3.10/site-packages/django/db/models/sql/query.py", line 1641, in _add_q
    child_clause, needed_inner = self.build_filter(
  File "/home/jxh/.local/lib/python3.10/site-packages/django/db/models/sql/query.py", line 1491, in build_filter
    lookups, parts, reffed_expression = self.solve_lookup_type(arg, summarize)
  File "/home/jxh/.local/lib/python3.10/site-packages/django/db/models/sql/query.py", line 1303, in solve_lookup_type
    _, field, _, lookup_parts = self.names_to_path(lookup_splitted, self.get_meta())
  File "/home/jxh/.local/lib/python3.10/site-packages/django/db/models/sql/query.py", line 1768, in names_to_path
    raise FieldError(
django.core.exceptions.FieldError: Cannot resolve keyword 'checked' into field. Choices are: check_result, content, conversations, created_at, file_path, id, landlord_info, lease_info, other_terms, payment_info, property_info, status, tenant_info, title, updated_at, user, user_id
"GET /api/user/profile/ HTTP/1.1" 500 128639
"GET /history/ HTTP/1.1" 200 20933
"GET /api/contract/ HTTP/1.1" 200 132
Internal Server Error: /api/user/profile/
Traceback (most recent call last):
  File "/home/jxh/.local/lib/python3.10/site-packages/django/core/handlers/exception.py", line 55, in inner
    response = get_response(request)
  File "/home/jxh/.local/lib/python3.10/site-packages/django/core/handlers/base.py", line 197, in _get_response
    response = wrapped_callback(request, *callback_args, **callback_kwargs)
  File "/home/jxh/.local/lib/python3.10/site-packages/django/views/generic/base.py", line 104, in view
    return self.dispatch(request, *args, **kwargs)
  File "/home/jxh/.local/lib/python3.10/site-packages/django/views/generic/base.py", line 143, in dispatch
    return handler(request, *args, **kwargs)
  File "/home/jxh/GraduateProject/mysite/myapp/views/user/auth.py", line 149, in get
    checked_contracts = Contract.objects.filter(user=user, checked=True).count()
  File "/home/jxh/.local/lib/python3.10/site-packages/django/db/models/manager.py", line 87, in manager_method
    return getattr(self.get_queryset(), name)(*args, **kwargs)
  File "/home/jxh/.local/lib/python3.10/site-packages/django/db/models/query.py", line 1476, in filter
    return self._filter_or_exclude(False, args, kwargs)
  File "/home/jxh/.local/lib/python3.10/site-packages/django/db/models/query.py", line 1494, in _filter_or_exclude
    clone._filter_or_exclude_inplace(negate, args, kwargs)
  File "/home/jxh/.local/lib/python3.10/site-packages/django/db/models/query.py", line 1501, in _filter_or_exclude_inplace
    self._query.add_q(Q(*args, **kwargs))
  File "/home/jxh/.local/lib/python3.10/site-packages/django/db/models/sql/query.py", line 1609, in add_q
    clause, _ = self._add_q(q_object, self.used_aliases)
  File "/home/jxh/.local/lib/python3.10/site-packages/django/db/models/sql/query.py", line 1641, in _add_q
    child_clause, needed_inner = self.build_filter(
  File "/home/jxh/.local/lib/python3.10/site-packages/django/db/models/sql/query.py", line 1491, in build_filter
    lookups, parts, reffed_expression = self.solve_lookup_type(arg, summarize)
  File "/home/jxh/.local/lib/python3.10/site-packages/django/db/models/sql/query.py", line 1303, in solve_lookup_type
    _, field, _, lookup_parts = self.names_to_path(lookup_splitted, self.get_meta())
  File "/home/jxh/.local/lib/python3.10/site-packages/django/db/models/sql/query.py", line 1768, in names_to_path
    raise FieldError(
django.core.exceptions.FieldError: Cannot resolve keyword 'checked' into field. Choices are: check_result, content, conversations, created_at, file_path, id, landlord_info, lease_info, other_terms, payment_info, property_info, status, tenant_info, title, updated_at, user, user_id
"GET /api/user/profile/ HTTP/1.1" 500 128639
"GET /check/ HTTP/1.1" 200 22126
Internal Server Error: /api/user/profile/
Traceback (most recent call last):
  File "/home/jxh/.local/lib/python3.10/site-packages/django/core/handlers/exception.py", line 55, in inner
    response = get_response(request)
  File "/home/jxh/.local/lib/python3.10/site-packages/django/core/handlers/base.py", line 197, in _get_response
    response = wrapped_callback(request, *callback_args, **callback_kwargs)
  File "/home/jxh/.local/lib/python3.10/site-packages/django/views/generic/base.py", line 104, in view
    return self.dispatch(request, *args, **kwargs)
  File "/home/jxh/.local/lib/python3.10/site-packages/django/views/generic/base.py", line 143, in dispatch
    return handler(request, *args, **kwargs)
  File "/home/jxh/GraduateProject/mysite/myapp/views/user/auth.py", line 149, in get
    checked_contracts = Contract.objects.filter(user=user, checked=True).count()
  File "/home/jxh/.local/lib/python3.10/site-packages/django/db/models/manager.py", line 87, in manager_method
    return getattr(self.get_queryset(), name)(*args, **kwargs)
  File "/home/jxh/.local/lib/python3.10/site-packages/django/db/models/query.py", line 1476, in filter
    return self._filter_or_exclude(False, args, kwargs)
  File "/home/jxh/.local/lib/python3.10/site-packages/django/db/models/query.py", line 1494, in _filter_or_exclude
    clone._filter_or_exclude_inplace(negate, args, kwargs)
  File "/home/jxh/.local/lib/python3.10/site-packages/django/db/models/query.py", line 1501, in _filter_or_exclude_inplace
    self._query.add_q(Q(*args, **kwargs))
  File "/home/jxh/.local/lib/python3.10/site-packages/django/db/models/sql/query.py", line 1609, in add_q
    clause, _ = self._add_q(q_object, self.used_aliases)
  File "/home/jxh/.local/lib/python3.10/site-packages/django/db/models/sql/query.py", line 1641, in _add_q
    child_clause, needed_inner = self.build_filter(
  File "/home/jxh/.local/lib/python3.10/site-packages/django/db/models/sql/query.py", line 1491, in build_filter
    lookups, parts, reffed_expression = self.solve_lookup_type(arg, summarize)
  File "/home/jxh/.local/lib/python3.10/site-packages/django/db/models/sql/query.py", line 1303, in solve_lookup_type
    _, field, _, lookup_parts = self.names_to_path(lookup_splitted, self.get_meta())
  File "/home/jxh/.local/lib/python3.10/site-packages/django/db/models/sql/query.py", line 1768, in names_to_path
    raise FieldError(
django.core.exceptions.FieldError: Cannot resolve keyword 'checked' into field. Choices are: check_result, content, conversations, created_at, file_path, id, landlord_info, lease_info, other_terms, payment_info, property_info, status, tenant_info, title, updated_at, user, user_id
"GET /api/user/profile/ HTTP/1.1" 500 128637
"GET /preview/ HTTP/1.1" 200 22577
Internal Server Error: /api/user/profile/
Traceback (most recent call last):
  File "/home/jxh/.local/lib/python3.10/site-packages/django/core/handlers/exception.py", line 55, in inner
    response = get_response(request)
  File "/home/jxh/.local/lib/python3.10/site-packages/django/core/handlers/base.py", line 197, in _get_response
    response = wrapped_callback(request, *callback_args, **callback_kwargs)
  File "/home/jxh/.local/lib/python3.10/site-packages/django/views/generic/base.py", line 104, in view
    return self.dispatch(request, *args, **kwargs)
  File "/home/jxh/.local/lib/python3.10/site-packages/django/views/generic/base.py", line 143, in dispatch
    return handler(request, *args, **kwargs)
  File "/home/jxh/GraduateProject/mysite/myapp/views/user/auth.py", line 149, in get
    checked_contracts = Contract.objects.filter(user=user, checked=True).count()
  File "/home/jxh/.local/lib/python3.10/site-packages/django/db/models/manager.py", line 87, in manager_method
    return getattr(self.get_queryset(), name)(*args, **kwargs)
  File "/home/jxh/.local/lib/python3.10/site-packages/django/db/models/query.py", line 1476, in filter
    return self._filter_or_exclude(False, args, kwargs)
  File "/home/jxh/.local/lib/python3.10/site-packages/django/db/models/query.py", line 1494, in _filter_or_exclude
    clone._filter_or_exclude_inplace(negate, args, kwargs)
  File "/home/jxh/.local/lib/python3.10/site-packages/django/db/models/query.py", line 1501, in _filter_or_exclude_inplace
    self._query.add_q(Q(*args, **kwargs))
  File "/home/jxh/.local/lib/python3.10/site-packages/django/db/models/sql/query.py", line 1609, in add_q
    clause, _ = self._add_q(q_object, self.used_aliases)
  File "/home/jxh/.local/lib/python3.10/site-packages/django/db/models/sql/query.py", line 1641, in _add_q
    child_clause, needed_inner = self.build_filter(
  File "/home/jxh/.local/lib/python3.10/site-packages/django/db/models/sql/query.py", line 1491, in build_filter
    lookups, parts, reffed_expression = self.solve_lookup_type(arg, summarize)
  File "/home/jxh/.local/lib/python3.10/site-packages/django/db/models/sql/query.py", line 1303, in solve_lookup_type
    _, field, _, lookup_parts = self.names_to_path(lookup_splitted, self.get_meta())
  File "/home/jxh/.local/lib/python3.10/site-packages/django/db/models/sql/query.py", line 1768, in names_to_path
    raise FieldError(
django.core.exceptions.FieldError: Cannot resolve keyword 'checked' into field. Choices are: check_result, content, conversations, created_at, file_path, id, landlord_info, lease_info, other_terms, payment_info, property_info, status, tenant_info, title, updated_at, user, user_id
"GET /api/user/profile/ HTTP/1.1" 500 128639
"GET /dialog/ HTTP/1.1" 200 22661
Internal Server Error: /api/user/profile/
Traceback (most recent call last):
  File "/home/jxh/.local/lib/python3.10/site-packages/django/core/handlers/exception.py", line 55, in inner
    response = get_response(request)
  File "/home/jxh/.local/lib/python3.10/site-packages/django/core/handlers/base.py", line 197, in _get_response
    response = wrapped_callback(request, *callback_args, **callback_kwargs)
  File "/home/jxh/.local/lib/python3.10/site-packages/django/views/generic/base.py", line 104, in view
    return self.dispatch(request, *args, **kwargs)
  File "/home/jxh/.local/lib/python3.10/site-packages/django/views/generic/base.py", line 143, in dispatch
    return handler(request, *args, **kwargs)
  File "/home/jxh/GraduateProject/mysite/myapp/views/user/auth.py", line 149, in get
    checked_contracts = Contract.objects.filter(user=user, checked=True).count()
  File "/home/jxh/.local/lib/python3.10/site-packages/django/db/models/manager.py", line 87, in manager_method
    return getattr(self.get_queryset(), name)(*args, **kwargs)
  File "/home/jxh/.local/lib/python3.10/site-packages/django/db/models/query.py", line 1476, in filter
    return self._filter_or_exclude(False, args, kwargs)
  File "/home/jxh/.local/lib/python3.10/site-packages/django/db/models/query.py", line 1494, in _filter_or_exclude
    clone._filter_or_exclude_inplace(negate, args, kwargs)
  File "/home/jxh/.local/lib/python3.10/site-packages/django/db/models/query.py", line 1501, in _filter_or_exclude_inplace
    self._query.add_q(Q(*args, **kwargs))
  File "/home/jxh/.local/lib/python3.10/site-packages/django/db/models/sql/query.py", line 1609, in add_q
    clause, _ = self._add_q(q_object, self.used_aliases)
  File "/home/jxh/.local/lib/python3.10/site-packages/django/db/models/sql/query.py", line 1641, in _add_q
    child_clause, needed_inner = self.build_filter(
  File "/home/jxh/.local/lib/python3.10/site-packages/django/db/models/sql/query.py", line 1491, in build_filter
    lookups, parts, reffed_expression = self.solve_lookup_type(arg, summarize)
  File "/home/jxh/.local/lib/python3.10/site-packages/django/db/models/sql/query.py", line 1303, in solve_lookup_type
    _, field, _, lookup_parts = self.names_to_path(lookup_splitted, self.get_meta())
  File "/home/jxh/.local/lib/python3.10/site-packages/django/db/models/sql/query.py", line 1768, in names_to_path
    raise FieldError(
django.core.exceptions.FieldError: Cannot resolve keyword 'checked' into field. Choices are: check_result, content, conversations, created_at, file_path, id, landlord_info, lease_info, other_terms, payment_info, property_info, status, tenant_info, title, updated_at, user, user_id
"GET /api/user/profile/ HTTP/1.1" 500 128638
"GET /create/ HTTP/1.1" 200 19459
Internal Server Error: /api/user/profile/
Traceback (most recent call last):
  File "/home/jxh/.local/lib/python3.10/site-packages/django/core/handlers/exception.py", line 55, in inner
    response = get_response(request)
  File "/home/jxh/.local/lib/python3.10/site-packages/django/core/handlers/base.py", line 197, in _get_response
    response = wrapped_callback(request, *callback_args, **callback_kwargs)
  File "/home/jxh/.local/lib/python3.10/site-packages/django/views/generic/base.py", line 104, in view
    return self.dispatch(request, *args, **kwargs)
  File "/home/jxh/.local/lib/python3.10/site-packages/django/views/generic/base.py", line 143, in dispatch
    return handler(request, *args, **kwargs)
  File "/home/jxh/GraduateProject/mysite/myapp/views/user/auth.py", line 149, in get
    checked_contracts = Contract.objects.filter(user=user, checked=True).count()
  File "/home/jxh/.local/lib/python3.10/site-packages/django/db/models/manager.py", line 87, in manager_method
    return getattr(self.get_queryset(), name)(*args, **kwargs)
  File "/home/jxh/.local/lib/python3.10/site-packages/django/db/models/query.py", line 1476, in filter
    return self._filter_or_exclude(False, args, kwargs)
  File "/home/jxh/.local/lib/python3.10/site-packages/django/db/models/query.py", line 1494, in _filter_or_exclude
    clone._filter_or_exclude_inplace(negate, args, kwargs)
  File "/home/jxh/.local/lib/python3.10/site-packages/django/db/models/query.py", line 1501, in _filter_or_exclude_inplace
    self._query.add_q(Q(*args, **kwargs))
  File "/home/jxh/.local/lib/python3.10/site-packages/django/db/models/sql/query.py", line 1609, in add_q
    clause, _ = self._add_q(q_object, self.used_aliases)
  File "/home/jxh/.local/lib/python3.10/site-packages/django/db/models/sql/query.py", line 1641, in _add_q
    child_clause, needed_inner = self.build_filter(
  File "/home/jxh/.local/lib/python3.10/site-packages/django/db/models/sql/query.py", line 1491, in build_filter
    lookups, parts, reffed_expression = self.solve_lookup_type(arg, summarize)
  File "/home/jxh/.local/lib/python3.10/site-packages/django/db/models/sql/query.py", line 1303, in solve_lookup_type
    _, field, _, lookup_parts = self.names_to_path(lookup_splitted, self.get_meta())
  File "/home/jxh/.local/lib/python3.10/site-packages/django/db/models/sql/query.py", line 1768, in names_to_path
    raise FieldError(
django.core.exceptions.FieldError: Cannot resolve keyword 'checked' into field. Choices are: check_result, content, conversations, created_at, file_path, id, landlord_info, lease_info, other_terms, payment_info, property_info, status, tenant_info, title, updated_at, user, user_id
"GET /api/user/profile/ HTTP/1.1" 500 128638
"GET /create/ HTTP/1.1" 200 19459
Internal Server Error: /api/user/profile/
Traceback (most recent call last):
  File "/home/jxh/.local/lib/python3.10/site-packages/django/core/handlers/exception.py", line 55, in inner
    response = get_response(request)
  File "/home/jxh/.local/lib/python3.10/site-packages/django/core/handlers/base.py", line 197, in _get_response
    response = wrapped_callback(request, *callback_args, **callback_kwargs)
  File "/home/jxh/.local/lib/python3.10/site-packages/django/views/generic/base.py", line 104, in view
    return self.dispatch(request, *args, **kwargs)
  File "/home/jxh/.local/lib/python3.10/site-packages/django/views/generic/base.py", line 143, in dispatch
    return handler(request, *args, **kwargs)
  File "/home/jxh/GraduateProject/mysite/myapp/views/user/auth.py", line 149, in get
    checked_contracts = Contract.objects.filter(user=user, checked=True).count()
  File "/home/jxh/.local/lib/python3.10/site-packages/django/db/models/manager.py", line 87, in manager_method
    return getattr(self.get_queryset(), name)(*args, **kwargs)
  File "/home/jxh/.local/lib/python3.10/site-packages/django/db/models/query.py", line 1476, in filter
    return self._filter_or_exclude(False, args, kwargs)
  File "/home/jxh/.local/lib/python3.10/site-packages/django/db/models/query.py", line 1494, in _filter_or_exclude
    clone._filter_or_exclude_inplace(negate, args, kwargs)
  File "/home/jxh/.local/lib/python3.10/site-packages/django/db/models/query.py", line 1501, in _filter_or_exclude_inplace
    self._query.add_q(Q(*args, **kwargs))
  File "/home/jxh/.local/lib/python3.10/site-packages/django/db/models/sql/query.py", line 1609, in add_q
    clause, _ = self._add_q(q_object, self.used_aliases)
  File "/home/jxh/.local/lib/python3.10/site-packages/django/db/models/sql/query.py", line 1641, in _add_q
    child_clause, needed_inner = self.build_filter(
  File "/home/jxh/.local/lib/python3.10/site-packages/django/db/models/sql/query.py", line 1491, in build_filter
    lookups, parts, reffed_expression = self.solve_lookup_type(arg, summarize)
  File "/home/jxh/.local/lib/python3.10/site-packages/django/db/models/sql/query.py", line 1303, in solve_lookup_type
    _, field, _, lookup_parts = self.names_to_path(lookup_splitted, self.get_meta())
  File "/home/jxh/.local/lib/python3.10/site-packages/django/db/models/sql/query.py", line 1768, in names_to_path
    raise FieldError(
django.core.exceptions.FieldError: Cannot resolve keyword 'checked' into field. Choices are: check_result, content, conversations, created_at, file_path, id, landlord_info, lease_info, other_terms, payment_info, property_info, status, tenant_info, title, updated_at, user, user_id
"GET /api/user/profile/ HTTP/1.1" 500 128638
"GET /create/ HTTP/1.1" 200 19459
Internal Server Error: /api/user/profile/
Traceback (most recent call last):
  File "/home/jxh/.local/lib/python3.10/site-packages/django/core/handlers/exception.py", line 55, in inner
    response = get_response(request)
  File "/home/jxh/.local/lib/python3.10/site-packages/django/core/handlers/base.py", line 197, in _get_response
    response = wrapped_callback(request, *callback_args, **callback_kwargs)
  File "/home/jxh/.local/lib/python3.10/site-packages/django/views/generic/base.py", line 104, in view
    return self.dispatch(request, *args, **kwargs)
  File "/home/jxh/.local/lib/python3.10/site-packages/django/views/generic/base.py", line 143, in dispatch
    return handler(request, *args, **kwargs)
  File "/home/jxh/GraduateProject/mysite/myapp/views/user/auth.py", line 149, in get
    checked_contracts = Contract.objects.filter(user=user, checked=True).count()
  File "/home/jxh/.local/lib/python3.10/site-packages/django/db/models/manager.py", line 87, in manager_method
    return getattr(self.get_queryset(), name)(*args, **kwargs)
  File "/home/jxh/.local/lib/python3.10/site-packages/django/db/models/query.py", line 1476, in filter
    return self._filter_or_exclude(False, args, kwargs)
  File "/home/jxh/.local/lib/python3.10/site-packages/django/db/models/query.py", line 1494, in _filter_or_exclude
    clone._filter_or_exclude_inplace(negate, args, kwargs)
  File "/home/jxh/.local/lib/python3.10/site-packages/django/db/models/query.py", line 1501, in _filter_or_exclude_inplace
    self._query.add_q(Q(*args, **kwargs))
  File "/home/jxh/.local/lib/python3.10/site-packages/django/db/models/sql/query.py", line 1609, in add_q
    clause, _ = self._add_q(q_object, self.used_aliases)
  File "/home/jxh/.local/lib/python3.10/site-packages/django/db/models/sql/query.py", line 1641, in _add_q
    child_clause, needed_inner = self.build_filter(
  File "/home/jxh/.local/lib/python3.10/site-packages/django/db/models/sql/query.py", line 1491, in build_filter
    lookups, parts, reffed_expression = self.solve_lookup_type(arg, summarize)
  File "/home/jxh/.local/lib/python3.10/site-packages/django/db/models/sql/query.py", line 1303, in solve_lookup_type
    _, field, _, lookup_parts = self.names_to_path(lookup_splitted, self.get_meta())
  File "/home/jxh/.local/lib/python3.10/site-packages/django/db/models/sql/query.py", line 1768, in names_to_path
    raise FieldError(
django.core.exceptions.FieldError: Cannot resolve keyword 'checked' into field. Choices are: check_result, content, conversations, created_at, file_path, id, landlord_info, lease_info, other_terms, payment_info, property_info, status, tenant_info, title, updated_at, user, user_id
"GET /api/user/profile/ HTTP/1.1" 500 128638
"GET /create/ HTTP/1.1" 200 19459
Internal Server Error: /api/user/profile/
Traceback (most recent call last):
  File "/home/jxh/.local/lib/python3.10/site-packages/django/core/handlers/exception.py", line 55, in inner
    response = get_response(request)
  File "/home/jxh/.local/lib/python3.10/site-packages/django/core/handlers/base.py", line 197, in _get_response
    response = wrapped_callback(request, *callback_args, **callback_kwargs)
  File "/home/jxh/.local/lib/python3.10/site-packages/django/views/generic/base.py", line 104, in view
    return self.dispatch(request, *args, **kwargs)
  File "/home/jxh/.local/lib/python3.10/site-packages/django/views/generic/base.py", line 143, in dispatch
    return handler(request, *args, **kwargs)
  File "/home/jxh/GraduateProject/mysite/myapp/views/user/auth.py", line 149, in get
    checked_contracts = Contract.objects.filter(user=user, checked=True).count()
  File "/home/jxh/.local/lib/python3.10/site-packages/django/db/models/manager.py", line 87, in manager_method
    return getattr(self.get_queryset(), name)(*args, **kwargs)
  File "/home/jxh/.local/lib/python3.10/site-packages/django/db/models/query.py", line 1476, in filter
    return self._filter_or_exclude(False, args, kwargs)
  File "/home/jxh/.local/lib/python3.10/site-packages/django/db/models/query.py", line 1494, in _filter_or_exclude
    clone._filter_or_exclude_inplace(negate, args, kwargs)
  File "/home/jxh/.local/lib/python3.10/site-packages/django/db/models/query.py", line 1501, in _filter_or_exclude_inplace
    self._query.add_q(Q(*args, **kwargs))
  File "/home/jxh/.local/lib/python3.10/site-packages/django/db/models/sql/query.py", line 1609, in add_q
    clause, _ = self._add_q(q_object, self.used_aliases)
  File "/home/jxh/.local/lib/python3.10/site-packages/django/db/models/sql/query.py", line 1641, in _add_q
    child_clause, needed_inner = self.build_filter(
  File "/home/jxh/.local/lib/python3.10/site-packages/django/db/models/sql/query.py", line 1491, in build_filter
    lookups, parts, reffed_expression = self.solve_lookup_type(arg, summarize)
  File "/home/jxh/.local/lib/python3.10/site-packages/django/db/models/sql/query.py", line 1303, in solve_lookup_type
    _, field, _, lookup_parts = self.names_to_path(lookup_splitted, self.get_meta())
  File "/home/jxh/.local/lib/python3.10/site-packages/django/db/models/sql/query.py", line 1768, in names_to_path
    raise FieldError(
django.core.exceptions.FieldError: Cannot resolve keyword 'checked' into field. Choices are: check_result, content, conversations, created_at, file_path, id, landlord_info, lease_info, other_terms, payment_info, property_info, status, tenant_info, title, updated_at, user, user_id
"GET /api/user/profile/ HTTP/1.1" 500 128638
"POST /api/user/login/ HTTP/1.1" 200 127
"GET /check/ HTTP/1.1" 200 22126
Internal Server Error: /api/user/profile/
Traceback (most recent call last):
  File "/home/jxh/.local/lib/python3.10/site-packages/django/core/handlers/exception.py", line 55, in inner
    response = get_response(request)
  File "/home/jxh/.local/lib/python3.10/site-packages/django/core/handlers/base.py", line 197, in _get_response
    response = wrapped_callback(request, *callback_args, **callback_kwargs)
  File "/home/jxh/.local/lib/python3.10/site-packages/django/views/generic/base.py", line 104, in view
    return self.dispatch(request, *args, **kwargs)
  File "/home/jxh/.local/lib/python3.10/site-packages/django/views/generic/base.py", line 143, in dispatch
    return handler(request, *args, **kwargs)
  File "/home/jxh/GraduateProject/mysite/myapp/views/user/auth.py", line 149, in get
    checked_contracts = Contract.objects.filter(user=user, checked=True).count()
  File "/home/jxh/.local/lib/python3.10/site-packages/django/db/models/manager.py", line 87, in manager_method
    return getattr(self.get_queryset(), name)(*args, **kwargs)
  File "/home/jxh/.local/lib/python3.10/site-packages/django/db/models/query.py", line 1476, in filter
    return self._filter_or_exclude(False, args, kwargs)
  File "/home/jxh/.local/lib/python3.10/site-packages/django/db/models/query.py", line 1494, in _filter_or_exclude
    clone._filter_or_exclude_inplace(negate, args, kwargs)
  File "/home/jxh/.local/lib/python3.10/site-packages/django/db/models/query.py", line 1501, in _filter_or_exclude_inplace
    self._query.add_q(Q(*args, **kwargs))
  File "/home/jxh/.local/lib/python3.10/site-packages/django/db/models/sql/query.py", line 1609, in add_q
    clause, _ = self._add_q(q_object, self.used_aliases)
  File "/home/jxh/.local/lib/python3.10/site-packages/django/db/models/sql/query.py", line 1641, in _add_q
    child_clause, needed_inner = self.build_filter(
  File "/home/jxh/.local/lib/python3.10/site-packages/django/db/models/sql/query.py", line 1491, in build_filter
    lookups, parts, reffed_expression = self.solve_lookup_type(arg, summarize)
  File "/home/jxh/.local/lib/python3.10/site-packages/django/db/models/sql/query.py", line 1303, in solve_lookup_type
    _, field, _, lookup_parts = self.names_to_path(lookup_splitted, self.get_meta())
  File "/home/jxh/.local/lib/python3.10/site-packages/django/db/models/sql/query.py", line 1768, in names_to_path
    raise FieldError(
django.core.exceptions.FieldError: Cannot resolve keyword 'checked' into field. Choices are: check_result, content, conversations, created_at, file_path, id, landlord_info, lease_info, other_terms, payment_info, property_info, status, tenant_info, title, updated_at, user, user_id
"GET /api/user/profile/ HTTP/1.1" 500 128637
"GET /history/ HTTP/1.1" 200 20933
"GET /api/contract/ HTTP/1.1" 200 132
Internal Server Error: /api/user/profile/
Traceback (most recent call last):
  File "/home/jxh/.local/lib/python3.10/site-packages/django/core/handlers/exception.py", line 55, in inner
    response = get_response(request)
  File "/home/jxh/.local/lib/python3.10/site-packages/django/core/handlers/base.py", line 197, in _get_response
    response = wrapped_callback(request, *callback_args, **callback_kwargs)
  File "/home/jxh/.local/lib/python3.10/site-packages/django/views/generic/base.py", line 104, in view
    return self.dispatch(request, *args, **kwargs)
  File "/home/jxh/.local/lib/python3.10/site-packages/django/views/generic/base.py", line 143, in dispatch
    return handler(request, *args, **kwargs)
  File "/home/jxh/GraduateProject/mysite/myapp/views/user/auth.py", line 149, in get
    checked_contracts = Contract.objects.filter(user=user, checked=True).count()
  File "/home/jxh/.local/lib/python3.10/site-packages/django/db/models/manager.py", line 87, in manager_method
    return getattr(self.get_queryset(), name)(*args, **kwargs)
  File "/home/jxh/.local/lib/python3.10/site-packages/django/db/models/query.py", line 1476, in filter
    return self._filter_or_exclude(False, args, kwargs)
  File "/home/jxh/.local/lib/python3.10/site-packages/django/db/models/query.py", line 1494, in _filter_or_exclude
    clone._filter_or_exclude_inplace(negate, args, kwargs)
  File "/home/jxh/.local/lib/python3.10/site-packages/django/db/models/query.py", line 1501, in _filter_or_exclude_inplace
    self._query.add_q(Q(*args, **kwargs))
  File "/home/jxh/.local/lib/python3.10/site-packages/django/db/models/sql/query.py", line 1609, in add_q
    clause, _ = self._add_q(q_object, self.used_aliases)
  File "/home/jxh/.local/lib/python3.10/site-packages/django/db/models/sql/query.py", line 1641, in _add_q
    child_clause, needed_inner = self.build_filter(
  File "/home/jxh/.local/lib/python3.10/site-packages/django/db/models/sql/query.py", line 1491, in build_filter
    lookups, parts, reffed_expression = self.solve_lookup_type(arg, summarize)
  File "/home/jxh/.local/lib/python3.10/site-packages/django/db/models/sql/query.py", line 1303, in solve_lookup_type
    _, field, _, lookup_parts = self.names_to_path(lookup_splitted, self.get_meta())
  File "/home/jxh/.local/lib/python3.10/site-packages/django/db/models/sql/query.py", line 1768, in names_to_path
    raise FieldError(
django.core.exceptions.FieldError: Cannot resolve keyword 'checked' into field. Choices are: check_result, content, conversations, created_at, file_path, id, landlord_info, lease_info, other_terms, payment_info, property_info, status, tenant_info, title, updated_at, user, user_id
"GET /api/user/profile/ HTTP/1.1" 500 128639
"GET /profile/ HTTP/1.1" 200 19774
Internal Server Error: /api/user/profile/
Traceback (most recent call last):
  File "/home/jxh/.local/lib/python3.10/site-packages/django/core/handlers/exception.py", line 55, in inner
    response = get_response(request)
  File "/home/jxh/.local/lib/python3.10/site-packages/django/core/handlers/base.py", line 197, in _get_response
    response = wrapped_callback(request, *callback_args, **callback_kwargs)
  File "/home/jxh/.local/lib/python3.10/site-packages/django/views/generic/base.py", line 104, in view
    return self.dispatch(request, *args, **kwargs)
  File "/home/jxh/.local/lib/python3.10/site-packages/django/views/generic/base.py", line 143, in dispatch
    return handler(request, *args, **kwargs)
  File "/home/jxh/GraduateProject/mysite/myapp/views/user/auth.py", line 149, in get
    checked_contracts = Contract.objects.filter(user=user, checked=True).count()
  File "/home/jxh/.local/lib/python3.10/site-packages/django/db/models/manager.py", line 87, in manager_method
    return getattr(self.get_queryset(), name)(*args, **kwargs)
  File "/home/jxh/.local/lib/python3.10/site-packages/django/db/models/query.py", line 1476, in filter
    return self._filter_or_exclude(False, args, kwargs)
  File "/home/jxh/.local/lib/python3.10/site-packages/django/db/models/query.py", line 1494, in _filter_or_exclude
    clone._filter_or_exclude_inplace(negate, args, kwargs)
  File "/home/jxh/.local/lib/python3.10/site-packages/django/db/models/query.py", line 1501, in _filter_or_exclude_inplace
    self._query.add_q(Q(*args, **kwargs))
  File "/home/jxh/.local/lib/python3.10/site-packages/django/db/models/sql/query.py", line 1609, in add_q
    clause, _ = self._add_q(q_object, self.used_aliases)
  File "/home/jxh/.local/lib/python3.10/site-packages/django/db/models/sql/query.py", line 1641, in _add_q
    child_clause, needed_inner = self.build_filter(
  File "/home/jxh/.local/lib/python3.10/site-packages/django/db/models/sql/query.py", line 1491, in build_filter
    lookups, parts, reffed_expression = self.solve_lookup_type(arg, summarize)
  File "/home/jxh/.local/lib/python3.10/site-packages/django/db/models/sql/query.py", line 1303, in solve_lookup_type
    _, field, _, lookup_parts = self.names_to_path(lookup_splitted, self.get_meta())
  File "/home/jxh/.local/lib/python3.10/site-packages/django/db/models/sql/query.py", line 1768, in names_to_path
    raise FieldError(
django.core.exceptions.FieldError: Cannot resolve keyword 'checked' into field. Choices are: check_result, content, conversations, created_at, file_path, id, landlord_info, lease_info, other_terms, payment_info, property_info, status, tenant_info, title, updated_at, user, user_id
"GET /api/user/profile/ HTTP/1.1" 500 128639
Internal Server Error: /api/user/profile/
Traceback (most recent call last):
  File "/home/jxh/.local/lib/python3.10/site-packages/django/core/handlers/exception.py", line 55, in inner
    response = get_response(request)
  File "/home/jxh/.local/lib/python3.10/site-packages/django/core/handlers/base.py", line 197, in _get_response
    response = wrapped_callback(request, *callback_args, **callback_kwargs)
  File "/home/jxh/.local/lib/python3.10/site-packages/django/views/generic/base.py", line 104, in view
    return self.dispatch(request, *args, **kwargs)
  File "/home/jxh/.local/lib/python3.10/site-packages/django/views/generic/base.py", line 143, in dispatch
    return handler(request, *args, **kwargs)
  File "/home/jxh/GraduateProject/mysite/myapp/views/user/auth.py", line 149, in get
    checked_contracts = Contract.objects.filter(user=user, checked=True).count()
  File "/home/jxh/.local/lib/python3.10/site-packages/django/db/models/manager.py", line 87, in manager_method
    return getattr(self.get_queryset(), name)(*args, **kwargs)
  File "/home/jxh/.local/lib/python3.10/site-packages/django/db/models/query.py", line 1476, in filter
    return self._filter_or_exclude(False, args, kwargs)
  File "/home/jxh/.local/lib/python3.10/site-packages/django/db/models/query.py", line 1494, in _filter_or_exclude
    clone._filter_or_exclude_inplace(negate, args, kwargs)
  File "/home/jxh/.local/lib/python3.10/site-packages/django/db/models/query.py", line 1501, in _filter_or_exclude_inplace
    self._query.add_q(Q(*args, **kwargs))
  File "/home/jxh/.local/lib/python3.10/site-packages/django/db/models/sql/query.py", line 1609, in add_q
    clause, _ = self._add_q(q_object, self.used_aliases)
  File "/home/jxh/.local/lib/python3.10/site-packages/django/db/models/sql/query.py", line 1641, in _add_q
    child_clause, needed_inner = self.build_filter(
  File "/home/jxh/.local/lib/python3.10/site-packages/django/db/models/sql/query.py", line 1491, in build_filter
    lookups, parts, reffed_expression = self.solve_lookup_type(arg, summarize)
  File "/home/jxh/.local/lib/python3.10/site-packages/django/db/models/sql/query.py", line 1303, in solve_lookup_type
    _, field, _, lookup_parts = self.names_to_path(lookup_splitted, self.get_meta())
  File "/home/jxh/.local/lib/python3.10/site-packages/django/db/models/sql/query.py", line 1768, in names_to_path
    raise FieldError(
django.core.exceptions.FieldError: Cannot resolve keyword 'checked' into field. Choices are: check_result, content, conversations, created_at, file_path, id, landlord_info, lease_info, other_terms, payment_info, property_info, status, tenant_info, title, updated_at, user, user_id
"GET /api/user/profile/ HTTP/1.1" 500 128639
"GET /preview/ HTTP/1.1" 200 22577
Internal Server Error: /api/user/profile/
Traceback (most recent call last):
  File "/home/jxh/.local/lib/python3.10/site-packages/django/core/handlers/exception.py", line 55, in inner
    response = get_response(request)
  File "/home/jxh/.local/lib/python3.10/site-packages/django/core/handlers/base.py", line 197, in _get_response
    response = wrapped_callback(request, *callback_args, **callback_kwargs)
  File "/home/jxh/.local/lib/python3.10/site-packages/django/views/generic/base.py", line 104, in view
    return self.dispatch(request, *args, **kwargs)
  File "/home/jxh/.local/lib/python3.10/site-packages/django/views/generic/base.py", line 143, in dispatch
    return handler(request, *args, **kwargs)
  File "/home/jxh/GraduateProject/mysite/myapp/views/user/auth.py", line 149, in get
    checked_contracts = Contract.objects.filter(user=user, checked=True).count()
  File "/home/jxh/.local/lib/python3.10/site-packages/django/db/models/manager.py", line 87, in manager_method
    return getattr(self.get_queryset(), name)(*args, **kwargs)
  File "/home/jxh/.local/lib/python3.10/site-packages/django/db/models/query.py", line 1476, in filter
    return self._filter_or_exclude(False, args, kwargs)
  File "/home/jxh/.local/lib/python3.10/site-packages/django/db/models/query.py", line 1494, in _filter_or_exclude
    clone._filter_or_exclude_inplace(negate, args, kwargs)
  File "/home/jxh/.local/lib/python3.10/site-packages/django/db/models/query.py", line 1501, in _filter_or_exclude_inplace
    self._query.add_q(Q(*args, **kwargs))
  File "/home/jxh/.local/lib/python3.10/site-packages/django/db/models/sql/query.py", line 1609, in add_q
    clause, _ = self._add_q(q_object, self.used_aliases)
  File "/home/jxh/.local/lib/python3.10/site-packages/django/db/models/sql/query.py", line 1641, in _add_q
    child_clause, needed_inner = self.build_filter(
  File "/home/jxh/.local/lib/python3.10/site-packages/django/db/models/sql/query.py", line 1491, in build_filter
    lookups, parts, reffed_expression = self.solve_lookup_type(arg, summarize)
  File "/home/jxh/.local/lib/python3.10/site-packages/django/db/models/sql/query.py", line 1303, in solve_lookup_type
    _, field, _, lookup_parts = self.names_to_path(lookup_splitted, self.get_meta())
  File "/home/jxh/.local/lib/python3.10/site-packages/django/db/models/sql/query.py", line 1768, in names_to_path
    raise FieldError(
django.core.exceptions.FieldError: Cannot resolve keyword 'checked' into field. Choices are: check_result, content, conversations, created_at, file_path, id, landlord_info, lease_info, other_terms, payment_info, property_info, status, tenant_info, title, updated_at, user, user_id
"GET /api/user/profile/ HTTP/1.1" 500 128639
"GET /profile/ HTTP/1.1" 200 19774
Internal Server Error: /api/user/profile/
Traceback (most recent call last):
  File "/home/jxh/.local/lib/python3.10/site-packages/django/core/handlers/exception.py", line 55, in inner
    response = get_response(request)
  File "/home/jxh/.local/lib/python3.10/site-packages/django/core/handlers/base.py", line 197, in _get_response
    response = wrapped_callback(request, *callback_args, **callback_kwargs)
  File "/home/jxh/.local/lib/python3.10/site-packages/django/views/generic/base.py", line 104, in view
    return self.dispatch(request, *args, **kwargs)
  File "/home/jxh/.local/lib/python3.10/site-packages/django/views/generic/base.py", line 143, in dispatch
    return handler(request, *args, **kwargs)
  File "/home/jxh/GraduateProject/mysite/myapp/views/user/auth.py", line 149, in get
    checked_contracts = Contract.objects.filter(user=user, checked=True).count()
  File "/home/jxh/.local/lib/python3.10/site-packages/django/db/models/manager.py", line 87, in manager_method
    return getattr(self.get_queryset(), name)(*args, **kwargs)
  File "/home/jxh/.local/lib/python3.10/site-packages/django/db/models/query.py", line 1476, in filter
    return self._filter_or_exclude(False, args, kwargs)
  File "/home/jxh/.local/lib/python3.10/site-packages/django/db/models/query.py", line 1494, in _filter_or_exclude
    clone._filter_or_exclude_inplace(negate, args, kwargs)
  File "/home/jxh/.local/lib/python3.10/site-packages/django/db/models/query.py", line 1501, in _filter_or_exclude_inplace
    self._query.add_q(Q(*args, **kwargs))
  File "/home/jxh/.local/lib/python3.10/site-packages/django/db/models/sql/query.py", line 1609, in add_q
    clause, _ = self._add_q(q_object, self.used_aliases)
  File "/home/jxh/.local/lib/python3.10/site-packages/django/db/models/sql/query.py", line 1641, in _add_q
    child_clause, needed_inner = self.build_filter(
  File "/home/jxh/.local/lib/python3.10/site-packages/django/db/models/sql/query.py", line 1491, in build_filter
    lookups, parts, reffed_expression = self.solve_lookup_type(arg, summarize)
  File "/home/jxh/.local/lib/python3.10/site-packages/django/db/models/sql/query.py", line 1303, in solve_lookup_type
    _, field, _, lookup_parts = self.names_to_path(lookup_splitted, self.get_meta())
  File "/home/jxh/.local/lib/python3.10/site-packages/django/db/models/sql/query.py", line 1768, in names_to_path
    raise FieldError(
django.core.exceptions.FieldError: Cannot resolve keyword 'checked' into field. Choices are: check_result, content, conversations, created_at, file_path, id, landlord_info, lease_info, other_terms, payment_info, property_info, status, tenant_info, title, updated_at, user, user_id
"GET /api/user/profile/ HTTP/1.1" 500 128639
Internal Server Error: /api/user/profile/
Traceback (most recent call last):
  File "/home/jxh/.local/lib/python3.10/site-packages/django/core/handlers/exception.py", line 55, in inner
    response = get_response(request)
  File "/home/jxh/.local/lib/python3.10/site-packages/django/core/handlers/base.py", line 197, in _get_response
    response = wrapped_callback(request, *callback_args, **callback_kwargs)
  File "/home/jxh/.local/lib/python3.10/site-packages/django/views/generic/base.py", line 104, in view
    return self.dispatch(request, *args, **kwargs)
  File "/home/jxh/.local/lib/python3.10/site-packages/django/views/generic/base.py", line 143, in dispatch
    return handler(request, *args, **kwargs)
  File "/home/jxh/GraduateProject/mysite/myapp/views/user/auth.py", line 149, in get
    checked_contracts = Contract.objects.filter(user=user, checked=True).count()
  File "/home/jxh/.local/lib/python3.10/site-packages/django/db/models/manager.py", line 87, in manager_method
    return getattr(self.get_queryset(), name)(*args, **kwargs)
  File "/home/jxh/.local/lib/python3.10/site-packages/django/db/models/query.py", line 1476, in filter
    return self._filter_or_exclude(False, args, kwargs)
  File "/home/jxh/.local/lib/python3.10/site-packages/django/db/models/query.py", line 1494, in _filter_or_exclude
    clone._filter_or_exclude_inplace(negate, args, kwargs)
  File "/home/jxh/.local/lib/python3.10/site-packages/django/db/models/query.py", line 1501, in _filter_or_exclude_inplace
    self._query.add_q(Q(*args, **kwargs))
  File "/home/jxh/.local/lib/python3.10/site-packages/django/db/models/sql/query.py", line 1609, in add_q
    clause, _ = self._add_q(q_object, self.used_aliases)
  File "/home/jxh/.local/lib/python3.10/site-packages/django/db/models/sql/query.py", line 1641, in _add_q
    child_clause, needed_inner = self.build_filter(
  File "/home/jxh/.local/lib/python3.10/site-packages/django/db/models/sql/query.py", line 1491, in build_filter
    lookups, parts, reffed_expression = self.solve_lookup_type(arg, summarize)
  File "/home/jxh/.local/lib/python3.10/site-packages/django/db/models/sql/query.py", line 1303, in solve_lookup_type
    _, field, _, lookup_parts = self.names_to_path(lookup_splitted, self.get_meta())
  File "/home/jxh/.local/lib/python3.10/site-packages/django/db/models/sql/query.py", line 1768, in names_to_path
    raise FieldError(
django.core.exceptions.FieldError: Cannot resolve keyword 'checked' into field. Choices are: check_result, content, conversations, created_at, file_path, id, landlord_info, lease_info, other_terms, payment_info, property_info, status, tenant_info, title, updated_at, user, user_id
"GET /api/user/profile/ HTTP/1.1" 500 128639
"GET /profile/ HTTP/1.1" 200 19774
Internal Server Error: /api/user/profile/
Traceback (most recent call last):
  File "/home/jxh/.local/lib/python3.10/site-packages/django/core/handlers/exception.py", line 55, in inner
    response = get_response(request)
  File "/home/jxh/.local/lib/python3.10/site-packages/django/core/handlers/base.py", line 197, in _get_response
    response = wrapped_callback(request, *callback_args, **callback_kwargs)
  File "/home/jxh/.local/lib/python3.10/site-packages/django/views/generic/base.py", line 104, in view
    return self.dispatch(request, *args, **kwargs)
  File "/home/jxh/.local/lib/python3.10/site-packages/django/views/generic/base.py", line 143, in dispatch
    return handler(request, *args, **kwargs)
  File "/home/jxh/GraduateProject/mysite/myapp/views/user/auth.py", line 149, in get
    checked_contracts = Contract.objects.filter(user=user, checked=True).count()
  File "/home/jxh/.local/lib/python3.10/site-packages/django/db/models/manager.py", line 87, in manager_method
    return getattr(self.get_queryset(), name)(*args, **kwargs)
  File "/home/jxh/.local/lib/python3.10/site-packages/django/db/models/query.py", line 1476, in filter
    return self._filter_or_exclude(False, args, kwargs)
  File "/home/jxh/.local/lib/python3.10/site-packages/django/db/models/query.py", line 1494, in _filter_or_exclude
    clone._filter_or_exclude_inplace(negate, args, kwargs)
  File "/home/jxh/.local/lib/python3.10/site-packages/django/db/models/query.py", line 1501, in _filter_or_exclude_inplace
    self._query.add_q(Q(*args, **kwargs))
  File "/home/jxh/.local/lib/python3.10/site-packages/django/db/models/sql/query.py", line 1609, in add_q
    clause, _ = self._add_q(q_object, self.used_aliases)
  File "/home/jxh/.local/lib/python3.10/site-packages/django/db/models/sql/query.py", line 1641, in _add_q
    child_clause, needed_inner = self.build_filter(
  File "/home/jxh/.local/lib/python3.10/site-packages/django/db/models/sql/query.py", line 1491, in build_filter
    lookups, parts, reffed_expression = self.solve_lookup_type(arg, summarize)
  File "/home/jxh/.local/lib/python3.10/site-packages/django/db/models/sql/query.py", line 1303, in solve_lookup_type
    _, field, _, lookup_parts = self.names_to_path(lookup_splitted, self.get_meta())
  File "/home/jxh/.local/lib/python3.10/site-packages/django/db/models/sql/query.py", line 1768, in names_to_path
    raise FieldError(
django.core.exceptions.FieldError: Cannot resolve keyword 'checked' into field. Choices are: check_result, content, conversations, created_at, file_path, id, landlord_info, lease_info, other_terms, payment_info, property_info, status, tenant_info, title, updated_at, user, user_id
"GET /api/user/profile/ HTTP/1.1" 500 128639
Internal Server Error: /api/user/profile/
Traceback (most recent call last):
  File "/home/jxh/.local/lib/python3.10/site-packages/django/core/handlers/exception.py", line 55, in inner
    response = get_response(request)
  File "/home/jxh/.local/lib/python3.10/site-packages/django/core/handlers/base.py", line 197, in _get_response
    response = wrapped_callback(request, *callback_args, **callback_kwargs)
  File "/home/jxh/.local/lib/python3.10/site-packages/django/views/generic/base.py", line 104, in view
    return self.dispatch(request, *args, **kwargs)
  File "/home/jxh/.local/lib/python3.10/site-packages/django/views/generic/base.py", line 143, in dispatch
    return handler(request, *args, **kwargs)
  File "/home/jxh/GraduateProject/mysite/myapp/views/user/auth.py", line 149, in get
    checked_contracts = Contract.objects.filter(user=user, checked=True).count()
  File "/home/jxh/.local/lib/python3.10/site-packages/django/db/models/manager.py", line 87, in manager_method
    return getattr(self.get_queryset(), name)(*args, **kwargs)
  File "/home/jxh/.local/lib/python3.10/site-packages/django/db/models/query.py", line 1476, in filter
    return self._filter_or_exclude(False, args, kwargs)
  File "/home/jxh/.local/lib/python3.10/site-packages/django/db/models/query.py", line 1494, in _filter_or_exclude
    clone._filter_or_exclude_inplace(negate, args, kwargs)
  File "/home/jxh/.local/lib/python3.10/site-packages/django/db/models/query.py", line 1501, in _filter_or_exclude_inplace
    self._query.add_q(Q(*args, **kwargs))
  File "/home/jxh/.local/lib/python3.10/site-packages/django/db/models/sql/query.py", line 1609, in add_q
    clause, _ = self._add_q(q_object, self.used_aliases)
  File "/home/jxh/.local/lib/python3.10/site-packages/django/db/models/sql/query.py", line 1641, in _add_q
    child_clause, needed_inner = self.build_filter(
  File "/home/jxh/.local/lib/python3.10/site-packages/django/db/models/sql/query.py", line 1491, in build_filter
    lookups, parts, reffed_expression = self.solve_lookup_type(arg, summarize)
  File "/home/jxh/.local/lib/python3.10/site-packages/django/db/models/sql/query.py", line 1303, in solve_lookup_type
    _, field, _, lookup_parts = self.names_to_path(lookup_splitted, self.get_meta())
  File "/home/jxh/.local/lib/python3.10/site-packages/django/db/models/sql/query.py", line 1768, in names_to_path
    raise FieldError(
django.core.exceptions.FieldError: Cannot resolve keyword 'checked' into field. Choices are: check_result, content, conversations, created_at, file_path, id, landlord_info, lease_info, other_terms, payment_info, property_info, status, tenant_info, title, updated_at, user, user_id
"GET /api/user/profile/ HTTP/1.1" 500 128639
"POST /api/user/login/ HTTP/1.1" 200 127
Internal Server Error: /api/user/profile/
Traceback (most recent call last):
  File "/home/jxh/.local/lib/python3.10/site-packages/django/core/handlers/exception.py", line 55, in inner
    response = get_response(request)
  File "/home/jxh/.local/lib/python3.10/site-packages/django/core/handlers/base.py", line 197, in _get_response
    response = wrapped_callback(request, *callback_args, **callback_kwargs)
  File "/home/jxh/.local/lib/python3.10/site-packages/django/views/generic/base.py", line 104, in view
    return self.dispatch(request, *args, **kwargs)
  File "/home/jxh/.local/lib/python3.10/site-packages/django/views/generic/base.py", line 143, in dispatch
    return handler(request, *args, **kwargs)
  File "/home/jxh/GraduateProject/mysite/myapp/views/user/auth.py", line 149, in get
    checked_contracts = Contract.objects.filter(user=user, checked=True).count()
  File "/home/jxh/.local/lib/python3.10/site-packages/django/db/models/manager.py", line 87, in manager_method
    return getattr(self.get_queryset(), name)(*args, **kwargs)
  File "/home/jxh/.local/lib/python3.10/site-packages/django/db/models/query.py", line 1476, in filter
    return self._filter_or_exclude(False, args, kwargs)
  File "/home/jxh/.local/lib/python3.10/site-packages/django/db/models/query.py", line 1494, in _filter_or_exclude
    clone._filter_or_exclude_inplace(negate, args, kwargs)
  File "/home/jxh/.local/lib/python3.10/site-packages/django/db/models/query.py", line 1501, in _filter_or_exclude_inplace
    self._query.add_q(Q(*args, **kwargs))
  File "/home/jxh/.local/lib/python3.10/site-packages/django/db/models/sql/query.py", line 1609, in add_q
    clause, _ = self._add_q(q_object, self.used_aliases)
  File "/home/jxh/.local/lib/python3.10/site-packages/django/db/models/sql/query.py", line 1641, in _add_q
    child_clause, needed_inner = self.build_filter(
  File "/home/jxh/.local/lib/python3.10/site-packages/django/db/models/sql/query.py", line 1491, in build_filter
    lookups, parts, reffed_expression = self.solve_lookup_type(arg, summarize)
  File "/home/jxh/.local/lib/python3.10/site-packages/django/db/models/sql/query.py", line 1303, in solve_lookup_type
    _, field, _, lookup_parts = self.names_to_path(lookup_splitted, self.get_meta())
  File "/home/jxh/.local/lib/python3.10/site-packages/django/db/models/sql/query.py", line 1768, in names_to_path
    raise FieldError(
django.core.exceptions.FieldError: Cannot resolve keyword 'checked' into field. Choices are: check_result, content, conversations, created_at, file_path, id, landlord_info, lease_info, other_terms, payment_info, property_info, status, tenant_info, title, updated_at, user, user_id
"GET /api/user/profile/ HTTP/1.1" 500 128639
"GET /history/ HTTP/1.1" 200 20933
"GET /api/contract/ HTTP/1.1" 200 132
Internal Server Error: /api/user/profile/
Traceback (most recent call last):
  File "/home/jxh/.local/lib/python3.10/site-packages/django/core/handlers/exception.py", line 55, in inner
    response = get_response(request)
  File "/home/jxh/.local/lib/python3.10/site-packages/django/core/handlers/base.py", line 197, in _get_response
    response = wrapped_callback(request, *callback_args, **callback_kwargs)
  File "/home/jxh/.local/lib/python3.10/site-packages/django/views/generic/base.py", line 104, in view
    return self.dispatch(request, *args, **kwargs)
  File "/home/jxh/.local/lib/python3.10/site-packages/django/views/generic/base.py", line 143, in dispatch
    return handler(request, *args, **kwargs)
  File "/home/jxh/GraduateProject/mysite/myapp/views/user/auth.py", line 149, in get
    checked_contracts = Contract.objects.filter(user=user, checked=True).count()
  File "/home/jxh/.local/lib/python3.10/site-packages/django/db/models/manager.py", line 87, in manager_method
    return getattr(self.get_queryset(), name)(*args, **kwargs)
  File "/home/jxh/.local/lib/python3.10/site-packages/django/db/models/query.py", line 1476, in filter
    return self._filter_or_exclude(False, args, kwargs)
  File "/home/jxh/.local/lib/python3.10/site-packages/django/db/models/query.py", line 1494, in _filter_or_exclude
    clone._filter_or_exclude_inplace(negate, args, kwargs)
  File "/home/jxh/.local/lib/python3.10/site-packages/django/db/models/query.py", line 1501, in _filter_or_exclude_inplace
    self._query.add_q(Q(*args, **kwargs))
  File "/home/jxh/.local/lib/python3.10/site-packages/django/db/models/sql/query.py", line 1609, in add_q
    clause, _ = self._add_q(q_object, self.used_aliases)
  File "/home/jxh/.local/lib/python3.10/site-packages/django/db/models/sql/query.py", line 1641, in _add_q
    child_clause, needed_inner = self.build_filter(
  File "/home/jxh/.local/lib/python3.10/site-packages/django/db/models/sql/query.py", line 1491, in build_filter
    lookups, parts, reffed_expression = self.solve_lookup_type(arg, summarize)
  File "/home/jxh/.local/lib/python3.10/site-packages/django/db/models/sql/query.py", line 1303, in solve_lookup_type
    _, field, _, lookup_parts = self.names_to_path(lookup_splitted, self.get_meta())
  File "/home/jxh/.local/lib/python3.10/site-packages/django/db/models/sql/query.py", line 1768, in names_to_path
    raise FieldError(
django.core.exceptions.FieldError: Cannot resolve keyword 'checked' into field. Choices are: check_result, content, conversations, created_at, file_path, id, landlord_info, lease_info, other_terms, payment_info, property_info, status, tenant_info, title, updated_at, user, user_id
"GET /api/user/profile/ HTTP/1.1" 500 128639
"GET /check/ HTTP/1.1" 200 22126
Internal Server Error: /api/user/profile/
Traceback (most recent call last):
  File "/home/jxh/.local/lib/python3.10/site-packages/django/core/handlers/exception.py", line 55, in inner
    response = get_response(request)
  File "/home/jxh/.local/lib/python3.10/site-packages/django/core/handlers/base.py", line 197, in _get_response
    response = wrapped_callback(request, *callback_args, **callback_kwargs)
  File "/home/jxh/.local/lib/python3.10/site-packages/django/views/generic/base.py", line 104, in view
    return self.dispatch(request, *args, **kwargs)
  File "/home/jxh/.local/lib/python3.10/site-packages/django/views/generic/base.py", line 143, in dispatch
    return handler(request, *args, **kwargs)
  File "/home/jxh/GraduateProject/mysite/myapp/views/user/auth.py", line 149, in get
    checked_contracts = Contract.objects.filter(user=user, checked=True).count()
  File "/home/jxh/.local/lib/python3.10/site-packages/django/db/models/manager.py", line 87, in manager_method
    return getattr(self.get_queryset(), name)(*args, **kwargs)
  File "/home/jxh/.local/lib/python3.10/site-packages/django/db/models/query.py", line 1476, in filter
    return self._filter_or_exclude(False, args, kwargs)
  File "/home/jxh/.local/lib/python3.10/site-packages/django/db/models/query.py", line 1494, in _filter_or_exclude
    clone._filter_or_exclude_inplace(negate, args, kwargs)
  File "/home/jxh/.local/lib/python3.10/site-packages/django/db/models/query.py", line 1501, in _filter_or_exclude_inplace
    self._query.add_q(Q(*args, **kwargs))
  File "/home/jxh/.local/lib/python3.10/site-packages/django/db/models/sql/query.py", line 1609, in add_q
    clause, _ = self._add_q(q_object, self.used_aliases)
  File "/home/jxh/.local/lib/python3.10/site-packages/django/db/models/sql/query.py", line 1641, in _add_q
    child_clause, needed_inner = self.build_filter(
  File "/home/jxh/.local/lib/python3.10/site-packages/django/db/models/sql/query.py", line 1491, in build_filter
    lookups, parts, reffed_expression = self.solve_lookup_type(arg, summarize)
  File "/home/jxh/.local/lib/python3.10/site-packages/django/db/models/sql/query.py", line 1303, in solve_lookup_type
    _, field, _, lookup_parts = self.names_to_path(lookup_splitted, self.get_meta())
  File "/home/jxh/.local/lib/python3.10/site-packages/django/db/models/sql/query.py", line 1768, in names_to_path
    raise FieldError(
django.core.exceptions.FieldError: Cannot resolve keyword 'checked' into field. Choices are: check_result, content, conversations, created_at, file_path, id, landlord_info, lease_info, other_terms, payment_info, property_info, status, tenant_info, title, updated_at, user, user_id
"GET /api/user/profile/ HTTP/1.1" 500 128637
"GET /history/ HTTP/1.1" 200 20933
"GET /api/contract/ HTTP/1.1" 200 132
Internal Server Error: /api/user/profile/
Traceback (most recent call last):
  File "/home/jxh/.local/lib/python3.10/site-packages/django/core/handlers/exception.py", line 55, in inner
    response = get_response(request)
  File "/home/jxh/.local/lib/python3.10/site-packages/django/core/handlers/base.py", line 197, in _get_response
    response = wrapped_callback(request, *callback_args, **callback_kwargs)
  File "/home/jxh/.local/lib/python3.10/site-packages/django/views/generic/base.py", line 104, in view
    return self.dispatch(request, *args, **kwargs)
  File "/home/jxh/.local/lib/python3.10/site-packages/django/views/generic/base.py", line 143, in dispatch
    return handler(request, *args, **kwargs)
  File "/home/jxh/GraduateProject/mysite/myapp/views/user/auth.py", line 149, in get
    checked_contracts = Contract.objects.filter(user=user, checked=True).count()
  File "/home/jxh/.local/lib/python3.10/site-packages/django/db/models/manager.py", line 87, in manager_method
    return getattr(self.get_queryset(), name)(*args, **kwargs)
  File "/home/jxh/.local/lib/python3.10/site-packages/django/db/models/query.py", line 1476, in filter
    return self._filter_or_exclude(False, args, kwargs)
  File "/home/jxh/.local/lib/python3.10/site-packages/django/db/models/query.py", line 1494, in _filter_or_exclude
    clone._filter_or_exclude_inplace(negate, args, kwargs)
  File "/home/jxh/.local/lib/python3.10/site-packages/django/db/models/query.py", line 1501, in _filter_or_exclude_inplace
    self._query.add_q(Q(*args, **kwargs))
  File "/home/jxh/.local/lib/python3.10/site-packages/django/db/models/sql/query.py", line 1609, in add_q
    clause, _ = self._add_q(q_object, self.used_aliases)
  File "/home/jxh/.local/lib/python3.10/site-packages/django/db/models/sql/query.py", line 1641, in _add_q
    child_clause, needed_inner = self.build_filter(
  File "/home/jxh/.local/lib/python3.10/site-packages/django/db/models/sql/query.py", line 1491, in build_filter
    lookups, parts, reffed_expression = self.solve_lookup_type(arg, summarize)
  File "/home/jxh/.local/lib/python3.10/site-packages/django/db/models/sql/query.py", line 1303, in solve_lookup_type
    _, field, _, lookup_parts = self.names_to_path(lookup_splitted, self.get_meta())
  File "/home/jxh/.local/lib/python3.10/site-packages/django/db/models/sql/query.py", line 1768, in names_to_path
    raise FieldError(
django.core.exceptions.FieldError: Cannot resolve keyword 'checked' into field. Choices are: check_result, content, conversations, created_at, file_path, id, landlord_info, lease_info, other_terms, payment_info, property_info, status, tenant_info, title, updated_at, user, user_id
"GET /api/user/profile/ HTTP/1.1" 500 128639
"GET /preview/ HTTP/1.1" 200 22577
Internal Server Error: /api/user/profile/
Traceback (most recent call last):
  File "/home/jxh/.local/lib/python3.10/site-packages/django/core/handlers/exception.py", line 55, in inner
    response = get_response(request)
  File "/home/jxh/.local/lib/python3.10/site-packages/django/core/handlers/base.py", line 197, in _get_response
    response = wrapped_callback(request, *callback_args, **callback_kwargs)
  File "/home/jxh/.local/lib/python3.10/site-packages/django/views/generic/base.py", line 104, in view
    return self.dispatch(request, *args, **kwargs)
  File "/home/jxh/.local/lib/python3.10/site-packages/django/views/generic/base.py", line 143, in dispatch
    return handler(request, *args, **kwargs)
  File "/home/jxh/GraduateProject/mysite/myapp/views/user/auth.py", line 149, in get
    checked_contracts = Contract.objects.filter(user=user, checked=True).count()
  File "/home/jxh/.local/lib/python3.10/site-packages/django/db/models/manager.py", line 87, in manager_method
    return getattr(self.get_queryset(), name)(*args, **kwargs)
  File "/home/jxh/.local/lib/python3.10/site-packages/django/db/models/query.py", line 1476, in filter
    return self._filter_or_exclude(False, args, kwargs)
  File "/home/jxh/.local/lib/python3.10/site-packages/django/db/models/query.py", line 1494, in _filter_or_exclude
    clone._filter_or_exclude_inplace(negate, args, kwargs)
  File "/home/jxh/.local/lib/python3.10/site-packages/django/db/models/query.py", line 1501, in _filter_or_exclude_inplace
    self._query.add_q(Q(*args, **kwargs))
  File "/home/jxh/.local/lib/python3.10/site-packages/django/db/models/sql/query.py", line 1609, in add_q
    clause, _ = self._add_q(q_object, self.used_aliases)
  File "/home/jxh/.local/lib/python3.10/site-packages/django/db/models/sql/query.py", line 1641, in _add_q
    child_clause, needed_inner = self.build_filter(
  File "/home/jxh/.local/lib/python3.10/site-packages/django/db/models/sql/query.py", line 1491, in build_filter
    lookups, parts, reffed_expression = self.solve_lookup_type(arg, summarize)
  File "/home/jxh/.local/lib/python3.10/site-packages/django/db/models/sql/query.py", line 1303, in solve_lookup_type
    _, field, _, lookup_parts = self.names_to_path(lookup_splitted, self.get_meta())
  File "/home/jxh/.local/lib/python3.10/site-packages/django/db/models/sql/query.py", line 1768, in names_to_path
    raise FieldError(
django.core.exceptions.FieldError: Cannot resolve keyword 'checked' into field. Choices are: check_result, content, conversations, created_at, file_path, id, landlord_info, lease_info, other_terms, payment_info, property_info, status, tenant_info, title, updated_at, user, user_id
"GET /api/user/profile/ HTTP/1.1" 500 128639
"GET /dialog/ HTTP/1.1" 200 22661
Internal Server Error: /api/user/profile/
Traceback (most recent call last):
  File "/home/jxh/.local/lib/python3.10/site-packages/django/core/handlers/exception.py", line 55, in inner
    response = get_response(request)
  File "/home/jxh/.local/lib/python3.10/site-packages/django/core/handlers/base.py", line 197, in _get_response
    response = wrapped_callback(request, *callback_args, **callback_kwargs)
  File "/home/jxh/.local/lib/python3.10/site-packages/django/views/generic/base.py", line 104, in view
    return self.dispatch(request, *args, **kwargs)
  File "/home/jxh/.local/lib/python3.10/site-packages/django/views/generic/base.py", line 143, in dispatch
    return handler(request, *args, **kwargs)
  File "/home/jxh/GraduateProject/mysite/myapp/views/user/auth.py", line 149, in get
    checked_contracts = Contract.objects.filter(user=user, checked=True).count()
  File "/home/jxh/.local/lib/python3.10/site-packages/django/db/models/manager.py", line 87, in manager_method
    return getattr(self.get_queryset(), name)(*args, **kwargs)
  File "/home/jxh/.local/lib/python3.10/site-packages/django/db/models/query.py", line 1476, in filter
    return self._filter_or_exclude(False, args, kwargs)
  File "/home/jxh/.local/lib/python3.10/site-packages/django/db/models/query.py", line 1494, in _filter_or_exclude
    clone._filter_or_exclude_inplace(negate, args, kwargs)
  File "/home/jxh/.local/lib/python3.10/site-packages/django/db/models/query.py", line 1501, in _filter_or_exclude_inplace
    self._query.add_q(Q(*args, **kwargs))
  File "/home/jxh/.local/lib/python3.10/site-packages/django/db/models/sql/query.py", line 1609, in add_q
    clause, _ = self._add_q(q_object, self.used_aliases)
  File "/home/jxh/.local/lib/python3.10/site-packages/django/db/models/sql/query.py", line 1641, in _add_q
    child_clause, needed_inner = self.build_filter(
  File "/home/jxh/.local/lib/python3.10/site-packages/django/db/models/sql/query.py", line 1491, in build_filter
    lookups, parts, reffed_expression = self.solve_lookup_type(arg, summarize)
  File "/home/jxh/.local/lib/python3.10/site-packages/django/db/models/sql/query.py", line 1303, in solve_lookup_type
    _, field, _, lookup_parts = self.names_to_path(lookup_splitted, self.get_meta())
  File "/home/jxh/.local/lib/python3.10/site-packages/django/db/models/sql/query.py", line 1768, in names_to_path
    raise FieldError(
django.core.exceptions.FieldError: Cannot resolve keyword 'checked' into field. Choices are: check_result, content, conversations, created_at, file_path, id, landlord_info, lease_info, other_terms, payment_info, property_info, status, tenant_info, title, updated_at, user, user_id
"GET /api/user/profile/ HTTP/1.1" 500 128638
"GET /create/ HTTP/1.1" 200 19459
Internal Server Error: /api/user/profile/
Traceback (most recent call last):
  File "/home/jxh/.local/lib/python3.10/site-packages/django/core/handlers/exception.py", line 55, in inner
    response = get_response(request)
  File "/home/jxh/.local/lib/python3.10/site-packages/django/core/handlers/base.py", line 197, in _get_response
    response = wrapped_callback(request, *callback_args, **callback_kwargs)
  File "/home/jxh/.local/lib/python3.10/site-packages/django/views/generic/base.py", line 104, in view
    return self.dispatch(request, *args, **kwargs)
  File "/home/jxh/.local/lib/python3.10/site-packages/django/views/generic/base.py", line 143, in dispatch
    return handler(request, *args, **kwargs)
  File "/home/jxh/GraduateProject/mysite/myapp/views/user/auth.py", line 149, in get
    checked_contracts = Contract.objects.filter(user=user, checked=True).count()
  File "/home/jxh/.local/lib/python3.10/site-packages/django/db/models/manager.py", line 87, in manager_method
    return getattr(self.get_queryset(), name)(*args, **kwargs)
  File "/home/jxh/.local/lib/python3.10/site-packages/django/db/models/query.py", line 1476, in filter
    return self._filter_or_exclude(False, args, kwargs)
  File "/home/jxh/.local/lib/python3.10/site-packages/django/db/models/query.py", line 1494, in _filter_or_exclude
    clone._filter_or_exclude_inplace(negate, args, kwargs)
  File "/home/jxh/.local/lib/python3.10/site-packages/django/db/models/query.py", line 1501, in _filter_or_exclude_inplace
    self._query.add_q(Q(*args, **kwargs))
  File "/home/jxh/.local/lib/python3.10/site-packages/django/db/models/sql/query.py", line 1609, in add_q
    clause, _ = self._add_q(q_object, self.used_aliases)
  File "/home/jxh/.local/lib/python3.10/site-packages/django/db/models/sql/query.py", line 1641, in _add_q
    child_clause, needed_inner = self.build_filter(
  File "/home/jxh/.local/lib/python3.10/site-packages/django/db/models/sql/query.py", line 1491, in build_filter
    lookups, parts, reffed_expression = self.solve_lookup_type(arg, summarize)
  File "/home/jxh/.local/lib/python3.10/site-packages/django/db/models/sql/query.py", line 1303, in solve_lookup_type
    _, field, _, lookup_parts = self.names_to_path(lookup_splitted, self.get_meta())
  File "/home/jxh/.local/lib/python3.10/site-packages/django/db/models/sql/query.py", line 1768, in names_to_path
    raise FieldError(
django.core.exceptions.FieldError: Cannot resolve keyword 'checked' into field. Choices are: check_result, content, conversations, created_at, file_path, id, landlord_info, lease_info, other_terms, payment_info, property_info, status, tenant_info, title, updated_at, user, user_id
"GET /api/user/profile/ HTTP/1.1" 500 128638
"GET /create/ HTTP/1.1" 200 19459
Internal Server Error: /api/user/profile/
Traceback (most recent call last):
  File "/home/jxh/.local/lib/python3.10/site-packages/django/core/handlers/exception.py", line 55, in inner
    response = get_response(request)
  File "/home/jxh/.local/lib/python3.10/site-packages/django/core/handlers/base.py", line 197, in _get_response
    response = wrapped_callback(request, *callback_args, **callback_kwargs)
  File "/home/jxh/.local/lib/python3.10/site-packages/django/views/generic/base.py", line 104, in view
    return self.dispatch(request, *args, **kwargs)
  File "/home/jxh/.local/lib/python3.10/site-packages/django/views/generic/base.py", line 143, in dispatch
    return handler(request, *args, **kwargs)
  File "/home/jxh/GraduateProject/mysite/myapp/views/user/auth.py", line 149, in get
    checked_contracts = Contract.objects.filter(user=user, checked=True).count()
  File "/home/jxh/.local/lib/python3.10/site-packages/django/db/models/manager.py", line 87, in manager_method
    return getattr(self.get_queryset(), name)(*args, **kwargs)
  File "/home/jxh/.local/lib/python3.10/site-packages/django/db/models/query.py", line 1476, in filter
    return self._filter_or_exclude(False, args, kwargs)
  File "/home/jxh/.local/lib/python3.10/site-packages/django/db/models/query.py", line 1494, in _filter_or_exclude
    clone._filter_or_exclude_inplace(negate, args, kwargs)
  File "/home/jxh/.local/lib/python3.10/site-packages/django/db/models/query.py", line 1501, in _filter_or_exclude_inplace
    self._query.add_q(Q(*args, **kwargs))
  File "/home/jxh/.local/lib/python3.10/site-packages/django/db/models/sql/query.py", line 1609, in add_q
    clause, _ = self._add_q(q_object, self.used_aliases)
  File "/home/jxh/.local/lib/python3.10/site-packages/django/db/models/sql/query.py", line 1641, in _add_q
    child_clause, needed_inner = self.build_filter(
  File "/home/jxh/.local/lib/python3.10/site-packages/django/db/models/sql/query.py", line 1491, in build_filter
    lookups, parts, reffed_expression = self.solve_lookup_type(arg, summarize)
  File "/home/jxh/.local/lib/python3.10/site-packages/django/db/models/sql/query.py", line 1303, in solve_lookup_type
    _, field, _, lookup_parts = self.names_to_path(lookup_splitted, self.get_meta())
  File "/home/jxh/.local/lib/python3.10/site-packages/django/db/models/sql/query.py", line 1768, in names_to_path
    raise FieldError(
django.core.exceptions.FieldError: Cannot resolve keyword 'checked' into field. Choices are: check_result, content, conversations, created_at, file_path, id, landlord_info, lease_info, other_terms, payment_info, property_info, status, tenant_info, title, updated_at, user, user_id
"GET /api/user/profile/ HTTP/1.1" 500 128638
"GET /create/ HTTP/1.1" 200 19459
Internal Server Error: /api/user/profile/
Traceback (most recent call last):
  File "/home/jxh/.local/lib/python3.10/site-packages/django/core/handlers/exception.py", line 55, in inner
    response = get_response(request)
  File "/home/jxh/.local/lib/python3.10/site-packages/django/core/handlers/base.py", line 197, in _get_response
    response = wrapped_callback(request, *callback_args, **callback_kwargs)
  File "/home/jxh/.local/lib/python3.10/site-packages/django/views/generic/base.py", line 104, in view
    return self.dispatch(request, *args, **kwargs)
  File "/home/jxh/.local/lib/python3.10/site-packages/django/views/generic/base.py", line 143, in dispatch
    return handler(request, *args, **kwargs)
  File "/home/jxh/GraduateProject/mysite/myapp/views/user/auth.py", line 149, in get
    checked_contracts = Contract.objects.filter(user=user, checked=True).count()
  File "/home/jxh/.local/lib/python3.10/site-packages/django/db/models/manager.py", line 87, in manager_method
    return getattr(self.get_queryset(), name)(*args, **kwargs)
  File "/home/jxh/.local/lib/python3.10/site-packages/django/db/models/query.py", line 1476, in filter
    return self._filter_or_exclude(False, args, kwargs)
  File "/home/jxh/.local/lib/python3.10/site-packages/django/db/models/query.py", line 1494, in _filter_or_exclude
    clone._filter_or_exclude_inplace(negate, args, kwargs)
  File "/home/jxh/.local/lib/python3.10/site-packages/django/db/models/query.py", line 1501, in _filter_or_exclude_inplace
    self._query.add_q(Q(*args, **kwargs))
  File "/home/jxh/.local/lib/python3.10/site-packages/django/db/models/sql/query.py", line 1609, in add_q
    clause, _ = self._add_q(q_object, self.used_aliases)
  File "/home/jxh/.local/lib/python3.10/site-packages/django/db/models/sql/query.py", line 1641, in _add_q
    child_clause, needed_inner = self.build_filter(
  File "/home/jxh/.local/lib/python3.10/site-packages/django/db/models/sql/query.py", line 1491, in build_filter
    lookups, parts, reffed_expression = self.solve_lookup_type(arg, summarize)
  File "/home/jxh/.local/lib/python3.10/site-packages/django/db/models/sql/query.py", line 1303, in solve_lookup_type
    _, field, _, lookup_parts = self.names_to_path(lookup_splitted, self.get_meta())
  File "/home/jxh/.local/lib/python3.10/site-packages/django/db/models/sql/query.py", line 1768, in names_to_path
    raise FieldError(
django.core.exceptions.FieldError: Cannot resolve keyword 'checked' into field. Choices are: check_result, content, conversations, created_at, file_path, id, landlord_info, lease_info, other_terms, payment_info, property_info, status, tenant_info, title, updated_at, user, user_id
"GET /api/user/profile/ HTTP/1.1" 500 128638
"GET /create/ HTTP/1.1" 200 19459
Internal Server Error: /api/user/profile/
Traceback (most recent call last):
  File "/home/jxh/.local/lib/python3.10/site-packages/django/core/handlers/exception.py", line 55, in inner
    response = get_response(request)
  File "/home/jxh/.local/lib/python3.10/site-packages/django/core/handlers/base.py", line 197, in _get_response
    response = wrapped_callback(request, *callback_args, **callback_kwargs)
  File "/home/jxh/.local/lib/python3.10/site-packages/django/views/generic/base.py", line 104, in view
    return self.dispatch(request, *args, **kwargs)
  File "/home/jxh/.local/lib/python3.10/site-packages/django/views/generic/base.py", line 143, in dispatch
    return handler(request, *args, **kwargs)
  File "/home/jxh/GraduateProject/mysite/myapp/views/user/auth.py", line 149, in get
    checked_contracts = Contract.objects.filter(user=user, checked=True).count()
  File "/home/jxh/.local/lib/python3.10/site-packages/django/db/models/manager.py", line 87, in manager_method
    return getattr(self.get_queryset(), name)(*args, **kwargs)
  File "/home/jxh/.local/lib/python3.10/site-packages/django/db/models/query.py", line 1476, in filter
    return self._filter_or_exclude(False, args, kwargs)
  File "/home/jxh/.local/lib/python3.10/site-packages/django/db/models/query.py", line 1494, in _filter_or_exclude
    clone._filter_or_exclude_inplace(negate, args, kwargs)
  File "/home/jxh/.local/lib/python3.10/site-packages/django/db/models/query.py", line 1501, in _filter_or_exclude_inplace
    self._query.add_q(Q(*args, **kwargs))
  File "/home/jxh/.local/lib/python3.10/site-packages/django/db/models/sql/query.py", line 1609, in add_q
    clause, _ = self._add_q(q_object, self.used_aliases)
  File "/home/jxh/.local/lib/python3.10/site-packages/django/db/models/sql/query.py", line 1641, in _add_q
    child_clause, needed_inner = self.build_filter(
  File "/home/jxh/.local/lib/python3.10/site-packages/django/db/models/sql/query.py", line 1491, in build_filter
    lookups, parts, reffed_expression = self.solve_lookup_type(arg, summarize)
  File "/home/jxh/.local/lib/python3.10/site-packages/django/db/models/sql/query.py", line 1303, in solve_lookup_type
    _, field, _, lookup_parts = self.names_to_path(lookup_splitted, self.get_meta())
  File "/home/jxh/.local/lib/python3.10/site-packages/django/db/models/sql/query.py", line 1768, in names_to_path
    raise FieldError(
django.core.exceptions.FieldError: Cannot resolve keyword 'checked' into field. Choices are: check_result, content, conversations, created_at, file_path, id, landlord_info, lease_info, other_terms, payment_info, property_info, status, tenant_info, title, updated_at, user, user_id
"GET /api/user/profile/ HTTP/1.1" 500 128638
"GET /check/ HTTP/1.1" 200 22126
Internal Server Error: /api/user/profile/
Traceback (most recent call last):
  File "/home/jxh/.local/lib/python3.10/site-packages/django/core/handlers/exception.py", line 55, in inner
    response = get_response(request)
  File "/home/jxh/.local/lib/python3.10/site-packages/django/core/handlers/base.py", line 197, in _get_response
    response = wrapped_callback(request, *callback_args, **callback_kwargs)
  File "/home/jxh/.local/lib/python3.10/site-packages/django/views/generic/base.py", line 104, in view
    return self.dispatch(request, *args, **kwargs)
  File "/home/jxh/.local/lib/python3.10/site-packages/django/views/generic/base.py", line 143, in dispatch
    return handler(request, *args, **kwargs)
  File "/home/jxh/GraduateProject/mysite/myapp/views/user/auth.py", line 149, in get
    checked_contracts = Contract.objects.filter(user=user, checked=True).count()
  File "/home/jxh/.local/lib/python3.10/site-packages/django/db/models/manager.py", line 87, in manager_method
    return getattr(self.get_queryset(), name)(*args, **kwargs)
  File "/home/jxh/.local/lib/python3.10/site-packages/django/db/models/query.py", line 1476, in filter
    return self._filter_or_exclude(False, args, kwargs)
  File "/home/jxh/.local/lib/python3.10/site-packages/django/db/models/query.py", line 1494, in _filter_or_exclude
    clone._filter_or_exclude_inplace(negate, args, kwargs)
  File "/home/jxh/.local/lib/python3.10/site-packages/django/db/models/query.py", line 1501, in _filter_or_exclude_inplace
    self._query.add_q(Q(*args, **kwargs))
  File "/home/jxh/.local/lib/python3.10/site-packages/django/db/models/sql/query.py", line 1609, in add_q
    clause, _ = self._add_q(q_object, self.used_aliases)
  File "/home/jxh/.local/lib/python3.10/site-packages/django/db/models/sql/query.py", line 1641, in _add_q
    child_clause, needed_inner = self.build_filter(
  File "/home/jxh/.local/lib/python3.10/site-packages/django/db/models/sql/query.py", line 1491, in build_filter
    lookups, parts, reffed_expression = self.solve_lookup_type(arg, summarize)
  File "/home/jxh/.local/lib/python3.10/site-packages/django/db/models/sql/query.py", line 1303, in solve_lookup_type
    _, field, _, lookup_parts = self.names_to_path(lookup_splitted, self.get_meta())
  File "/home/jxh/.local/lib/python3.10/site-packages/django/db/models/sql/query.py", line 1768, in names_to_path
    raise FieldError(
django.core.exceptions.FieldError: Cannot resolve keyword 'checked' into field. Choices are: check_result, content, conversations, created_at, file_path, id, landlord_info, lease_info, other_terms, payment_info, property_info, status, tenant_info, title, updated_at, user, user_id
"GET /api/user/profile/ HTTP/1.1" 500 128637
"GET /dialog/ HTTP/1.1" 200 22661
Internal Server Error: /api/user/profile/
Traceback (most recent call last):
  File "/home/jxh/.local/lib/python3.10/site-packages/django/core/handlers/exception.py", line 55, in inner
    response = get_response(request)
  File "/home/jxh/.local/lib/python3.10/site-packages/django/core/handlers/base.py", line 197, in _get_response
    response = wrapped_callback(request, *callback_args, **callback_kwargs)
  File "/home/jxh/.local/lib/python3.10/site-packages/django/views/generic/base.py", line 104, in view
    return self.dispatch(request, *args, **kwargs)
  File "/home/jxh/.local/lib/python3.10/site-packages/django/views/generic/base.py", line 143, in dispatch
    return handler(request, *args, **kwargs)
  File "/home/jxh/GraduateProject/mysite/myapp/views/user/auth.py", line 149, in get
    checked_contracts = Contract.objects.filter(user=user, checked=True).count()
  File "/home/jxh/.local/lib/python3.10/site-packages/django/db/models/manager.py", line 87, in manager_method
    return getattr(self.get_queryset(), name)(*args, **kwargs)
  File "/home/jxh/.local/lib/python3.10/site-packages/django/db/models/query.py", line 1476, in filter
    return self._filter_or_exclude(False, args, kwargs)
  File "/home/jxh/.local/lib/python3.10/site-packages/django/db/models/query.py", line 1494, in _filter_or_exclude
    clone._filter_or_exclude_inplace(negate, args, kwargs)
  File "/home/jxh/.local/lib/python3.10/site-packages/django/db/models/query.py", line 1501, in _filter_or_exclude_inplace
    self._query.add_q(Q(*args, **kwargs))
  File "/home/jxh/.local/lib/python3.10/site-packages/django/db/models/sql/query.py", line 1609, in add_q
    clause, _ = self._add_q(q_object, self.used_aliases)
  File "/home/jxh/.local/lib/python3.10/site-packages/django/db/models/sql/query.py", line 1641, in _add_q
    child_clause, needed_inner = self.build_filter(
  File "/home/jxh/.local/lib/python3.10/site-packages/django/db/models/sql/query.py", line 1491, in build_filter
    lookups, parts, reffed_expression = self.solve_lookup_type(arg, summarize)
  File "/home/jxh/.local/lib/python3.10/site-packages/django/db/models/sql/query.py", line 1303, in solve_lookup_type
    _, field, _, lookup_parts = self.names_to_path(lookup_splitted, self.get_meta())
  File "/home/jxh/.local/lib/python3.10/site-packages/django/db/models/sql/query.py", line 1768, in names_to_path
    raise FieldError(
django.core.exceptions.FieldError: Cannot resolve keyword 'checked' into field. Choices are: check_result, content, conversations, created_at, file_path, id, landlord_info, lease_info, other_terms, payment_info, property_info, status, tenant_info, title, updated_at, user, user_id
"GET /api/user/profile/ HTTP/1.1" 500 128638
"GET /create/ HTTP/1.1" 200 19459
Internal Server Error: /api/user/profile/
Traceback (most recent call last):
  File "/home/jxh/.local/lib/python3.10/site-packages/django/core/handlers/exception.py", line 55, in inner
    response = get_response(request)
  File "/home/jxh/.local/lib/python3.10/site-packages/django/core/handlers/base.py", line 197, in _get_response
    response = wrapped_callback(request, *callback_args, **callback_kwargs)
  File "/home/jxh/.local/lib/python3.10/site-packages/django/views/generic/base.py", line 104, in view
    return self.dispatch(request, *args, **kwargs)
  File "/home/jxh/.local/lib/python3.10/site-packages/django/views/generic/base.py", line 143, in dispatch
    return handler(request, *args, **kwargs)
  File "/home/jxh/GraduateProject/mysite/myapp/views/user/auth.py", line 149, in get
    checked_contracts = Contract.objects.filter(user=user, checked=True).count()
  File "/home/jxh/.local/lib/python3.10/site-packages/django/db/models/manager.py", line 87, in manager_method
    return getattr(self.get_queryset(), name)(*args, **kwargs)
  File "/home/jxh/.local/lib/python3.10/site-packages/django/db/models/query.py", line 1476, in filter
    return self._filter_or_exclude(False, args, kwargs)
  File "/home/jxh/.local/lib/python3.10/site-packages/django/db/models/query.py", line 1494, in _filter_or_exclude
    clone._filter_or_exclude_inplace(negate, args, kwargs)
  File "/home/jxh/.local/lib/python3.10/site-packages/django/db/models/query.py", line 1501, in _filter_or_exclude_inplace
    self._query.add_q(Q(*args, **kwargs))
  File "/home/jxh/.local/lib/python3.10/site-packages/django/db/models/sql/query.py", line 1609, in add_q
    clause, _ = self._add_q(q_object, self.used_aliases)
  File "/home/jxh/.local/lib/python3.10/site-packages/django/db/models/sql/query.py", line 1641, in _add_q
    child_clause, needed_inner = self.build_filter(
  File "/home/jxh/.local/lib/python3.10/site-packages/django/db/models/sql/query.py", line 1491, in build_filter
    lookups, parts, reffed_expression = self.solve_lookup_type(arg, summarize)
  File "/home/jxh/.local/lib/python3.10/site-packages/django/db/models/sql/query.py", line 1303, in solve_lookup_type
    _, field, _, lookup_parts = self.names_to_path(lookup_splitted, self.get_meta())
  File "/home/jxh/.local/lib/python3.10/site-packages/django/db/models/sql/query.py", line 1768, in names_to_path
    raise FieldError(
django.core.exceptions.FieldError: Cannot resolve keyword 'checked' into field. Choices are: check_result, content, conversations, created_at, file_path, id, landlord_info, lease_info, other_terms, payment_info, property_info, status, tenant_info, title, updated_at, user, user_id
"GET /api/user/profile/ HTTP/1.1" 500 128638
"GET /profile/ HTTP/1.1" 200 19774
Internal Server Error: /api/user/profile/
Traceback (most recent call last):
  File "/home/jxh/.local/lib/python3.10/site-packages/django/core/handlers/exception.py", line 55, in inner
    response = get_response(request)
  File "/home/jxh/.local/lib/python3.10/site-packages/django/core/handlers/base.py", line 197, in _get_response
    response = wrapped_callback(request, *callback_args, **callback_kwargs)
  File "/home/jxh/.local/lib/python3.10/site-packages/django/views/generic/base.py", line 104, in view
    return self.dispatch(request, *args, **kwargs)
  File "/home/jxh/.local/lib/python3.10/site-packages/django/views/generic/base.py", line 143, in dispatch
    return handler(request, *args, **kwargs)
  File "/home/jxh/GraduateProject/mysite/myapp/views/user/auth.py", line 149, in get
    checked_contracts = Contract.objects.filter(user=user, checked=True).count()
  File "/home/jxh/.local/lib/python3.10/site-packages/django/db/models/manager.py", line 87, in manager_method
    return getattr(self.get_queryset(), name)(*args, **kwargs)
  File "/home/jxh/.local/lib/python3.10/site-packages/django/db/models/query.py", line 1476, in filter
    return self._filter_or_exclude(False, args, kwargs)
  File "/home/jxh/.local/lib/python3.10/site-packages/django/db/models/query.py", line 1494, in _filter_or_exclude
    clone._filter_or_exclude_inplace(negate, args, kwargs)
  File "/home/jxh/.local/lib/python3.10/site-packages/django/db/models/query.py", line 1501, in _filter_or_exclude_inplace
    self._query.add_q(Q(*args, **kwargs))
  File "/home/jxh/.local/lib/python3.10/site-packages/django/db/models/sql/query.py", line 1609, in add_q
    clause, _ = self._add_q(q_object, self.used_aliases)
  File "/home/jxh/.local/lib/python3.10/site-packages/django/db/models/sql/query.py", line 1641, in _add_q
    child_clause, needed_inner = self.build_filter(
  File "/home/jxh/.local/lib/python3.10/site-packages/django/db/models/sql/query.py", line 1491, in build_filter
    lookups, parts, reffed_expression = self.solve_lookup_type(arg, summarize)
  File "/home/jxh/.local/lib/python3.10/site-packages/django/db/models/sql/query.py", line 1303, in solve_lookup_type
    _, field, _, lookup_parts = self.names_to_path(lookup_splitted, self.get_meta())
  File "/home/jxh/.local/lib/python3.10/site-packages/django/db/models/sql/query.py", line 1768, in names_to_path
    raise FieldError(
django.core.exceptions.FieldError: Cannot resolve keyword 'checked' into field. Choices are: check_result, content, conversations, created_at, file_path, id, landlord_info, lease_info, other_terms, payment_info, property_info, status, tenant_info, title, updated_at, user, user_id
"GET /api/user/profile/ HTTP/1.1" 500 128639
Internal Server Error: /api/user/profile/
Traceback (most recent call last):
  File "/home/jxh/.local/lib/python3.10/site-packages/django/core/handlers/exception.py", line 55, in inner
    response = get_response(request)
  File "/home/jxh/.local/lib/python3.10/site-packages/django/core/handlers/base.py", line 197, in _get_response
    response = wrapped_callback(request, *callback_args, **callback_kwargs)
  File "/home/jxh/.local/lib/python3.10/site-packages/django/views/generic/base.py", line 104, in view
    return self.dispatch(request, *args, **kwargs)
  File "/home/jxh/.local/lib/python3.10/site-packages/django/views/generic/base.py", line 143, in dispatch
    return handler(request, *args, **kwargs)
  File "/home/jxh/GraduateProject/mysite/myapp/views/user/auth.py", line 149, in get
    checked_contracts = Contract.objects.filter(user=user, checked=True).count()
  File "/home/jxh/.local/lib/python3.10/site-packages/django/db/models/manager.py", line 87, in manager_method
    return getattr(self.get_queryset(), name)(*args, **kwargs)
  File "/home/jxh/.local/lib/python3.10/site-packages/django/db/models/query.py", line 1476, in filter
    return self._filter_or_exclude(False, args, kwargs)
  File "/home/jxh/.local/lib/python3.10/site-packages/django/db/models/query.py", line 1494, in _filter_or_exclude
    clone._filter_or_exclude_inplace(negate, args, kwargs)
  File "/home/jxh/.local/lib/python3.10/site-packages/django/db/models/query.py", line 1501, in _filter_or_exclude_inplace
    self._query.add_q(Q(*args, **kwargs))
  File "/home/jxh/.local/lib/python3.10/site-packages/django/db/models/sql/query.py", line 1609, in add_q
    clause, _ = self._add_q(q_object, self.used_aliases)
  File "/home/jxh/.local/lib/python3.10/site-packages/django/db/models/sql/query.py", line 1641, in _add_q
    child_clause, needed_inner = self.build_filter(
  File "/home/jxh/.local/lib/python3.10/site-packages/django/db/models/sql/query.py", line 1491, in build_filter
    lookups, parts, reffed_expression = self.solve_lookup_type(arg, summarize)
  File "/home/jxh/.local/lib/python3.10/site-packages/django/db/models/sql/query.py", line 1303, in solve_lookup_type
    _, field, _, lookup_parts = self.names_to_path(lookup_splitted, self.get_meta())
  File "/home/jxh/.local/lib/python3.10/site-packages/django/db/models/sql/query.py", line 1768, in names_to_path
    raise FieldError(
django.core.exceptions.FieldError: Cannot resolve keyword 'checked' into field. Choices are: check_result, content, conversations, created_at, file_path, id, landlord_info, lease_info, other_terms, payment_info, property_info, status, tenant_info, title, updated_at, user, user_id
"GET /api/user/profile/ HTTP/1.1" 500 128639
"GET /profile/ HTTP/1.1" 200 19774
Internal Server Error: /api/user/profile/
Traceback (most recent call last):
  File "/home/jxh/.local/lib/python3.10/site-packages/django/core/handlers/exception.py", line 55, in inner
    response = get_response(request)
  File "/home/jxh/.local/lib/python3.10/site-packages/django/core/handlers/base.py", line 197, in _get_response
    response = wrapped_callback(request, *callback_args, **callback_kwargs)
  File "/home/jxh/.local/lib/python3.10/site-packages/django/views/generic/base.py", line 104, in view
    return self.dispatch(request, *args, **kwargs)
  File "/home/jxh/.local/lib/python3.10/site-packages/django/views/generic/base.py", line 143, in dispatch
    return handler(request, *args, **kwargs)
  File "/home/jxh/GraduateProject/mysite/myapp/views/user/auth.py", line 149, in get
    checked_contracts = Contract.objects.filter(user=user, checked=True).count()
  File "/home/jxh/.local/lib/python3.10/site-packages/django/db/models/manager.py", line 87, in manager_method
    return getattr(self.get_queryset(), name)(*args, **kwargs)
  File "/home/jxh/.local/lib/python3.10/site-packages/django/db/models/query.py", line 1476, in filter
    return self._filter_or_exclude(False, args, kwargs)
  File "/home/jxh/.local/lib/python3.10/site-packages/django/db/models/query.py", line 1494, in _filter_or_exclude
    clone._filter_or_exclude_inplace(negate, args, kwargs)
  File "/home/jxh/.local/lib/python3.10/site-packages/django/db/models/query.py", line 1501, in _filter_or_exclude_inplace
    self._query.add_q(Q(*args, **kwargs))
  File "/home/jxh/.local/lib/python3.10/site-packages/django/db/models/sql/query.py", line 1609, in add_q
    clause, _ = self._add_q(q_object, self.used_aliases)
  File "/home/jxh/.local/lib/python3.10/site-packages/django/db/models/sql/query.py", line 1641, in _add_q
    child_clause, needed_inner = self.build_filter(
  File "/home/jxh/.local/lib/python3.10/site-packages/django/db/models/sql/query.py", line 1491, in build_filter
    lookups, parts, reffed_expression = self.solve_lookup_type(arg, summarize)
  File "/home/jxh/.local/lib/python3.10/site-packages/django/db/models/sql/query.py", line 1303, in solve_lookup_type
    _, field, _, lookup_parts = self.names_to_path(lookup_splitted, self.get_meta())
  File "/home/jxh/.local/lib/python3.10/site-packages/django/db/models/sql/query.py", line 1768, in names_to_path
    raise FieldError(
django.core.exceptions.FieldError: Cannot resolve keyword 'checked' into field. Choices are: check_result, content, conversations, created_at, file_path, id, landlord_info, lease_info, other_terms, payment_info, property_info, status, tenant_info, title, updated_at, user, user_id
"GET /api/user/profile/ HTTP/1.1" 500 128639
Internal Server Error: /api/user/profile/
Traceback (most recent call last):
  File "/home/jxh/.local/lib/python3.10/site-packages/django/core/handlers/exception.py", line 55, in inner
    response = get_response(request)
  File "/home/jxh/.local/lib/python3.10/site-packages/django/core/handlers/base.py", line 197, in _get_response
    response = wrapped_callback(request, *callback_args, **callback_kwargs)
  File "/home/jxh/.local/lib/python3.10/site-packages/django/views/generic/base.py", line 104, in view
    return self.dispatch(request, *args, **kwargs)
  File "/home/jxh/.local/lib/python3.10/site-packages/django/views/generic/base.py", line 143, in dispatch
    return handler(request, *args, **kwargs)
  File "/home/jxh/GraduateProject/mysite/myapp/views/user/auth.py", line 149, in get
    checked_contracts = Contract.objects.filter(user=user, checked=True).count()
  File "/home/jxh/.local/lib/python3.10/site-packages/django/db/models/manager.py", line 87, in manager_method
    return getattr(self.get_queryset(), name)(*args, **kwargs)
  File "/home/jxh/.local/lib/python3.10/site-packages/django/db/models/query.py", line 1476, in filter
    return self._filter_or_exclude(False, args, kwargs)
  File "/home/jxh/.local/lib/python3.10/site-packages/django/db/models/query.py", line 1494, in _filter_or_exclude
    clone._filter_or_exclude_inplace(negate, args, kwargs)
  File "/home/jxh/.local/lib/python3.10/site-packages/django/db/models/query.py", line 1501, in _filter_or_exclude_inplace
    self._query.add_q(Q(*args, **kwargs))
  File "/home/jxh/.local/lib/python3.10/site-packages/django/db/models/sql/query.py", line 1609, in add_q
    clause, _ = self._add_q(q_object, self.used_aliases)
  File "/home/jxh/.local/lib/python3.10/site-packages/django/db/models/sql/query.py", line 1641, in _add_q
    child_clause, needed_inner = self.build_filter(
  File "/home/jxh/.local/lib/python3.10/site-packages/django/db/models/sql/query.py", line 1491, in build_filter
    lookups, parts, reffed_expression = self.solve_lookup_type(arg, summarize)
  File "/home/jxh/.local/lib/python3.10/site-packages/django/db/models/sql/query.py", line 1303, in solve_lookup_type
    _, field, _, lookup_parts = self.names_to_path(lookup_splitted, self.get_meta())
  File "/home/jxh/.local/lib/python3.10/site-packages/django/db/models/sql/query.py", line 1768, in names_to_path
    raise FieldError(
django.core.exceptions.FieldError: Cannot resolve keyword 'checked' into field. Choices are: check_result, content, conversations, created_at, file_path, id, landlord_info, lease_info, other_terms, payment_info, property_info, status, tenant_info, title, updated_at, user, user_id
"GET /api/user/profile/ HTTP/1.1" 500 128639
"GET /profile/ HTTP/1.1" 200 19774
Internal Server Error: /api/user/profile/
Traceback (most recent call last):
  File "/home/jxh/.local/lib/python3.10/site-packages/django/core/handlers/exception.py", line 55, in inner
    response = get_response(request)
  File "/home/jxh/.local/lib/python3.10/site-packages/django/core/handlers/base.py", line 197, in _get_response
    response = wrapped_callback(request, *callback_args, **callback_kwargs)
  File "/home/jxh/.local/lib/python3.10/site-packages/django/views/generic/base.py", line 104, in view
    return self.dispatch(request, *args, **kwargs)
  File "/home/jxh/.local/lib/python3.10/site-packages/django/views/generic/base.py", line 143, in dispatch
    return handler(request, *args, **kwargs)
  File "/home/jxh/GraduateProject/mysite/myapp/views/user/auth.py", line 149, in get
    checked_contracts = Contract.objects.filter(user=user, checked=True).count()
  File "/home/jxh/.local/lib/python3.10/site-packages/django/db/models/manager.py", line 87, in manager_method
    return getattr(self.get_queryset(), name)(*args, **kwargs)
  File "/home/jxh/.local/lib/python3.10/site-packages/django/db/models/query.py", line 1476, in filter
    return self._filter_or_exclude(False, args, kwargs)
  File "/home/jxh/.local/lib/python3.10/site-packages/django/db/models/query.py", line 1494, in _filter_or_exclude
    clone._filter_or_exclude_inplace(negate, args, kwargs)
  File "/home/jxh/.local/lib/python3.10/site-packages/django/db/models/query.py", line 1501, in _filter_or_exclude_inplace
    self._query.add_q(Q(*args, **kwargs))
  File "/home/jxh/.local/lib/python3.10/site-packages/django/db/models/sql/query.py", line 1609, in add_q
    clause, _ = self._add_q(q_object, self.used_aliases)
  File "/home/jxh/.local/lib/python3.10/site-packages/django/db/models/sql/query.py", line 1641, in _add_q
    child_clause, needed_inner = self.build_filter(
  File "/home/jxh/.local/lib/python3.10/site-packages/django/db/models/sql/query.py", line 1491, in build_filter
    lookups, parts, reffed_expression = self.solve_lookup_type(arg, summarize)
  File "/home/jxh/.local/lib/python3.10/site-packages/django/db/models/sql/query.py", line 1303, in solve_lookup_type
    _, field, _, lookup_parts = self.names_to_path(lookup_splitted, self.get_meta())
  File "/home/jxh/.local/lib/python3.10/site-packages/django/db/models/sql/query.py", line 1768, in names_to_path
    raise FieldError(
django.core.exceptions.FieldError: Cannot resolve keyword 'checked' into field. Choices are: check_result, content, conversations, created_at, file_path, id, landlord_info, lease_info, other_terms, payment_info, property_info, status, tenant_info, title, updated_at, user, user_id
"GET /api/user/profile/ HTTP/1.1" 500 128639
Internal Server Error: /api/user/profile/
Traceback (most recent call last):
  File "/home/jxh/.local/lib/python3.10/site-packages/django/core/handlers/exception.py", line 55, in inner
    response = get_response(request)
  File "/home/jxh/.local/lib/python3.10/site-packages/django/core/handlers/base.py", line 197, in _get_response
    response = wrapped_callback(request, *callback_args, **callback_kwargs)
  File "/home/jxh/.local/lib/python3.10/site-packages/django/views/generic/base.py", line 104, in view
    return self.dispatch(request, *args, **kwargs)
  File "/home/jxh/.local/lib/python3.10/site-packages/django/views/generic/base.py", line 143, in dispatch
    return handler(request, *args, **kwargs)
  File "/home/jxh/GraduateProject/mysite/myapp/views/user/auth.py", line 149, in get
    checked_contracts = Contract.objects.filter(user=user, checked=True).count()
  File "/home/jxh/.local/lib/python3.10/site-packages/django/db/models/manager.py", line 87, in manager_method
    return getattr(self.get_queryset(), name)(*args, **kwargs)
  File "/home/jxh/.local/lib/python3.10/site-packages/django/db/models/query.py", line 1476, in filter
    return self._filter_or_exclude(False, args, kwargs)
  File "/home/jxh/.local/lib/python3.10/site-packages/django/db/models/query.py", line 1494, in _filter_or_exclude
    clone._filter_or_exclude_inplace(negate, args, kwargs)
  File "/home/jxh/.local/lib/python3.10/site-packages/django/db/models/query.py", line 1501, in _filter_or_exclude_inplace
    self._query.add_q(Q(*args, **kwargs))
  File "/home/jxh/.local/lib/python3.10/site-packages/django/db/models/sql/query.py", line 1609, in add_q
    clause, _ = self._add_q(q_object, self.used_aliases)
  File "/home/jxh/.local/lib/python3.10/site-packages/django/db/models/sql/query.py", line 1641, in _add_q
    child_clause, needed_inner = self.build_filter(
  File "/home/jxh/.local/lib/python3.10/site-packages/django/db/models/sql/query.py", line 1491, in build_filter
    lookups, parts, reffed_expression = self.solve_lookup_type(arg, summarize)
  File "/home/jxh/.local/lib/python3.10/site-packages/django/db/models/sql/query.py", line 1303, in solve_lookup_type
    _, field, _, lookup_parts = self.names_to_path(lookup_splitted, self.get_meta())
  File "/home/jxh/.local/lib/python3.10/site-packages/django/db/models/sql/query.py", line 1768, in names_to_path
    raise FieldError(
django.core.exceptions.FieldError: Cannot resolve keyword 'checked' into field. Choices are: check_result, content, conversations, created_at, file_path, id, landlord_info, lease_info, other_terms, payment_info, property_info, status, tenant_info, title, updated_at, user, user_id
"GET /api/user/profile/ HTTP/1.1" 500 128639
"GET /history/ HTTP/1.1" 200 20933
"GET /api/contract/ HTTP/1.1" 200 132
Internal Server Error: /api/user/profile/
Traceback (most recent call last):
  File "/home/jxh/.local/lib/python3.10/site-packages/django/core/handlers/exception.py", line 55, in inner
    response = get_response(request)
  File "/home/jxh/.local/lib/python3.10/site-packages/django/core/handlers/base.py", line 197, in _get_response
    response = wrapped_callback(request, *callback_args, **callback_kwargs)
  File "/home/jxh/.local/lib/python3.10/site-packages/django/views/generic/base.py", line 104, in view
    return self.dispatch(request, *args, **kwargs)
  File "/home/jxh/.local/lib/python3.10/site-packages/django/views/generic/base.py", line 143, in dispatch
    return handler(request, *args, **kwargs)
  File "/home/jxh/GraduateProject/mysite/myapp/views/user/auth.py", line 149, in get
    checked_contracts = Contract.objects.filter(user=user, checked=True).count()
  File "/home/jxh/.local/lib/python3.10/site-packages/django/db/models/manager.py", line 87, in manager_method
    return getattr(self.get_queryset(), name)(*args, **kwargs)
  File "/home/jxh/.local/lib/python3.10/site-packages/django/db/models/query.py", line 1476, in filter
    return self._filter_or_exclude(False, args, kwargs)
  File "/home/jxh/.local/lib/python3.10/site-packages/django/db/models/query.py", line 1494, in _filter_or_exclude
    clone._filter_or_exclude_inplace(negate, args, kwargs)
  File "/home/jxh/.local/lib/python3.10/site-packages/django/db/models/query.py", line 1501, in _filter_or_exclude_inplace
    self._query.add_q(Q(*args, **kwargs))
  File "/home/jxh/.local/lib/python3.10/site-packages/django/db/models/sql/query.py", line 1609, in add_q
    clause, _ = self._add_q(q_object, self.used_aliases)
  File "/home/jxh/.local/lib/python3.10/site-packages/django/db/models/sql/query.py", line 1641, in _add_q
    child_clause, needed_inner = self.build_filter(
  File "/home/jxh/.local/lib/python3.10/site-packages/django/db/models/sql/query.py", line 1491, in build_filter
    lookups, parts, reffed_expression = self.solve_lookup_type(arg, summarize)
  File "/home/jxh/.local/lib/python3.10/site-packages/django/db/models/sql/query.py", line 1303, in solve_lookup_type
    _, field, _, lookup_parts = self.names_to_path(lookup_splitted, self.get_meta())
  File "/home/jxh/.local/lib/python3.10/site-packages/django/db/models/sql/query.py", line 1768, in names_to_path
    raise FieldError(
django.core.exceptions.FieldError: Cannot resolve keyword 'checked' into field. Choices are: check_result, content, conversations, created_at, file_path, id, landlord_info, lease_info, other_terms, payment_info, property_info, status, tenant_info, title, updated_at, user, user_id
"GET /api/user/profile/ HTTP/1.1" 500 128639
"GET /check/ HTTP/1.1" 200 22126
Internal Server Error: /api/user/profile/
Traceback (most recent call last):
  File "/home/jxh/.local/lib/python3.10/site-packages/django/core/handlers/exception.py", line 55, in inner
    response = get_response(request)
  File "/home/jxh/.local/lib/python3.10/site-packages/django/core/handlers/base.py", line 197, in _get_response
    response = wrapped_callback(request, *callback_args, **callback_kwargs)
  File "/home/jxh/.local/lib/python3.10/site-packages/django/views/generic/base.py", line 104, in view
    return self.dispatch(request, *args, **kwargs)
  File "/home/jxh/.local/lib/python3.10/site-packages/django/views/generic/base.py", line 143, in dispatch
    return handler(request, *args, **kwargs)
  File "/home/jxh/GraduateProject/mysite/myapp/views/user/auth.py", line 149, in get
    checked_contracts = Contract.objects.filter(user=user, checked=True).count()
  File "/home/jxh/.local/lib/python3.10/site-packages/django/db/models/manager.py", line 87, in manager_method
    return getattr(self.get_queryset(), name)(*args, **kwargs)
  File "/home/jxh/.local/lib/python3.10/site-packages/django/db/models/query.py", line 1476, in filter
    return self._filter_or_exclude(False, args, kwargs)
  File "/home/jxh/.local/lib/python3.10/site-packages/django/db/models/query.py", line 1494, in _filter_or_exclude
    clone._filter_or_exclude_inplace(negate, args, kwargs)
  File "/home/jxh/.local/lib/python3.10/site-packages/django/db/models/query.py", line 1501, in _filter_or_exclude_inplace
    self._query.add_q(Q(*args, **kwargs))
  File "/home/jxh/.local/lib/python3.10/site-packages/django/db/models/sql/query.py", line 1609, in add_q
    clause, _ = self._add_q(q_object, self.used_aliases)
  File "/home/jxh/.local/lib/python3.10/site-packages/django/db/models/sql/query.py", line 1641, in _add_q
    child_clause, needed_inner = self.build_filter(
  File "/home/jxh/.local/lib/python3.10/site-packages/django/db/models/sql/query.py", line 1491, in build_filter
    lookups, parts, reffed_expression = self.solve_lookup_type(arg, summarize)
  File "/home/jxh/.local/lib/python3.10/site-packages/django/db/models/sql/query.py", line 1303, in solve_lookup_type
    _, field, _, lookup_parts = self.names_to_path(lookup_splitted, self.get_meta())
  File "/home/jxh/.local/lib/python3.10/site-packages/django/db/models/sql/query.py", line 1768, in names_to_path
    raise FieldError(
django.core.exceptions.FieldError: Cannot resolve keyword 'checked' into field. Choices are: check_result, content, conversations, created_at, file_path, id, landlord_info, lease_info, other_terms, payment_info, property_info, status, tenant_info, title, updated_at, user, user_id
"GET /api/user/profile/ HTTP/1.1" 500 128637
"GET /create/ HTTP/1.1" 200 19459
Internal Server Error: /api/user/profile/
Traceback (most recent call last):
  File "/home/jxh/.local/lib/python3.10/site-packages/django/core/handlers/exception.py", line 55, in inner
    response = get_response(request)
  File "/home/jxh/.local/lib/python3.10/site-packages/django/core/handlers/base.py", line 197, in _get_response
    response = wrapped_callback(request, *callback_args, **callback_kwargs)
  File "/home/jxh/.local/lib/python3.10/site-packages/django/views/generic/base.py", line 104, in view
    return self.dispatch(request, *args, **kwargs)
  File "/home/jxh/.local/lib/python3.10/site-packages/django/views/generic/base.py", line 143, in dispatch
    return handler(request, *args, **kwargs)
  File "/home/jxh/GraduateProject/mysite/myapp/views/user/auth.py", line 149, in get
    checked_contracts = Contract.objects.filter(user=user, checked=True).count()
  File "/home/jxh/.local/lib/python3.10/site-packages/django/db/models/manager.py", line 87, in manager_method
    return getattr(self.get_queryset(), name)(*args, **kwargs)
  File "/home/jxh/.local/lib/python3.10/site-packages/django/db/models/query.py", line 1476, in filter
    return self._filter_or_exclude(False, args, kwargs)
  File "/home/jxh/.local/lib/python3.10/site-packages/django/db/models/query.py", line 1494, in _filter_or_exclude
    clone._filter_or_exclude_inplace(negate, args, kwargs)
  File "/home/jxh/.local/lib/python3.10/site-packages/django/db/models/query.py", line 1501, in _filter_or_exclude_inplace
    self._query.add_q(Q(*args, **kwargs))
  File "/home/jxh/.local/lib/python3.10/site-packages/django/db/models/sql/query.py", line 1609, in add_q
    clause, _ = self._add_q(q_object, self.used_aliases)
  File "/home/jxh/.local/lib/python3.10/site-packages/django/db/models/sql/query.py", line 1641, in _add_q
    child_clause, needed_inner = self.build_filter(
  File "/home/jxh/.local/lib/python3.10/site-packages/django/db/models/sql/query.py", line 1491, in build_filter
    lookups, parts, reffed_expression = self.solve_lookup_type(arg, summarize)
  File "/home/jxh/.local/lib/python3.10/site-packages/django/db/models/sql/query.py", line 1303, in solve_lookup_type
    _, field, _, lookup_parts = self.names_to_path(lookup_splitted, self.get_meta())
  File "/home/jxh/.local/lib/python3.10/site-packages/django/db/models/sql/query.py", line 1768, in names_to_path
    raise FieldError(
django.core.exceptions.FieldError: Cannot resolve keyword 'checked' into field. Choices are: check_result, content, conversations, created_at, file_path, id, landlord_info, lease_info, other_terms, payment_info, property_info, status, tenant_info, title, updated_at, user, user_id
"GET /api/user/profile/ HTTP/1.1" 500 128638
"GET /profile/ HTTP/1.1" 200 19774
Internal Server Error: /api/user/profile/
Traceback (most recent call last):
  File "/home/jxh/.local/lib/python3.10/site-packages/django/core/handlers/exception.py", line 55, in inner
    response = get_response(request)
  File "/home/jxh/.local/lib/python3.10/site-packages/django/core/handlers/base.py", line 197, in _get_response
    response = wrapped_callback(request, *callback_args, **callback_kwargs)
  File "/home/jxh/.local/lib/python3.10/site-packages/django/views/generic/base.py", line 104, in view
    return self.dispatch(request, *args, **kwargs)
  File "/home/jxh/.local/lib/python3.10/site-packages/django/views/generic/base.py", line 143, in dispatch
    return handler(request, *args, **kwargs)
  File "/home/jxh/GraduateProject/mysite/myapp/views/user/auth.py", line 149, in get
    checked_contracts = Contract.objects.filter(user=user, checked=True).count()
  File "/home/jxh/.local/lib/python3.10/site-packages/django/db/models/manager.py", line 87, in manager_method
    return getattr(self.get_queryset(), name)(*args, **kwargs)
  File "/home/jxh/.local/lib/python3.10/site-packages/django/db/models/query.py", line 1476, in filter
    return self._filter_or_exclude(False, args, kwargs)
  File "/home/jxh/.local/lib/python3.10/site-packages/django/db/models/query.py", line 1494, in _filter_or_exclude
    clone._filter_or_exclude_inplace(negate, args, kwargs)
  File "/home/jxh/.local/lib/python3.10/site-packages/django/db/models/query.py", line 1501, in _filter_or_exclude_inplace
    self._query.add_q(Q(*args, **kwargs))
  File "/home/jxh/.local/lib/python3.10/site-packages/django/db/models/sql/query.py", line 1609, in add_q
    clause, _ = self._add_q(q_object, self.used_aliases)
  File "/home/jxh/.local/lib/python3.10/site-packages/django/db/models/sql/query.py", line 1641, in _add_q
    child_clause, needed_inner = self.build_filter(
  File "/home/jxh/.local/lib/python3.10/site-packages/django/db/models/sql/query.py", line 1491, in build_filter
    lookups, parts, reffed_expression = self.solve_lookup_type(arg, summarize)
  File "/home/jxh/.local/lib/python3.10/site-packages/django/db/models/sql/query.py", line 1303, in solve_lookup_type
    _, field, _, lookup_parts = self.names_to_path(lookup_splitted, self.get_meta())
  File "/home/jxh/.local/lib/python3.10/site-packages/django/db/models/sql/query.py", line 1768, in names_to_path
    raise FieldError(
django.core.exceptions.FieldError: Cannot resolve keyword 'checked' into field. Choices are: check_result, content, conversations, created_at, file_path, id, landlord_info, lease_info, other_terms, payment_info, property_info, status, tenant_info, title, updated_at, user, user_id
"GET /api/user/profile/ HTTP/1.1" 500 128639
Internal Server Error: /api/user/profile/
Traceback (most recent call last):
  File "/home/jxh/.local/lib/python3.10/site-packages/django/core/handlers/exception.py", line 55, in inner
    response = get_response(request)
  File "/home/jxh/.local/lib/python3.10/site-packages/django/core/handlers/base.py", line 197, in _get_response
    response = wrapped_callback(request, *callback_args, **callback_kwargs)
  File "/home/jxh/.local/lib/python3.10/site-packages/django/views/generic/base.py", line 104, in view
    return self.dispatch(request, *args, **kwargs)
  File "/home/jxh/.local/lib/python3.10/site-packages/django/views/generic/base.py", line 143, in dispatch
    return handler(request, *args, **kwargs)
  File "/home/jxh/GraduateProject/mysite/myapp/views/user/auth.py", line 149, in get
    checked_contracts = Contract.objects.filter(user=user, checked=True).count()
  File "/home/jxh/.local/lib/python3.10/site-packages/django/db/models/manager.py", line 87, in manager_method
    return getattr(self.get_queryset(), name)(*args, **kwargs)
  File "/home/jxh/.local/lib/python3.10/site-packages/django/db/models/query.py", line 1476, in filter
    return self._filter_or_exclude(False, args, kwargs)
  File "/home/jxh/.local/lib/python3.10/site-packages/django/db/models/query.py", line 1494, in _filter_or_exclude
    clone._filter_or_exclude_inplace(negate, args, kwargs)
  File "/home/jxh/.local/lib/python3.10/site-packages/django/db/models/query.py", line 1501, in _filter_or_exclude_inplace
    self._query.add_q(Q(*args, **kwargs))
  File "/home/jxh/.local/lib/python3.10/site-packages/django/db/models/sql/query.py", line 1609, in add_q
    clause, _ = self._add_q(q_object, self.used_aliases)
  File "/home/jxh/.local/lib/python3.10/site-packages/django/db/models/sql/query.py", line 1641, in _add_q
    child_clause, needed_inner = self.build_filter(
  File "/home/jxh/.local/lib/python3.10/site-packages/django/db/models/sql/query.py", line 1491, in build_filter
    lookups, parts, reffed_expression = self.solve_lookup_type(arg, summarize)
  File "/home/jxh/.local/lib/python3.10/site-packages/django/db/models/sql/query.py", line 1303, in solve_lookup_type
    _, field, _, lookup_parts = self.names_to_path(lookup_splitted, self.get_meta())
  File "/home/jxh/.local/lib/python3.10/site-packages/django/db/models/sql/query.py", line 1768, in names_to_path
    raise FieldError(
django.core.exceptions.FieldError: Cannot resolve keyword 'checked' into field. Choices are: check_result, content, conversations, created_at, file_path, id, landlord_info, lease_info, other_terms, payment_info, property_info, status, tenant_info, title, updated_at, user, user_id
"GET /api/user/profile/ HTTP/1.1" 500 128639
"GET /dialog/ HTTP/1.1" 200 22661
Internal Server Error: /api/user/profile/
Traceback (most recent call last):
  File "/home/jxh/.local/lib/python3.10/site-packages/django/core/handlers/exception.py", line 55, in inner
    response = get_response(request)
  File "/home/jxh/.local/lib/python3.10/site-packages/django/core/handlers/base.py", line 197, in _get_response
    response = wrapped_callback(request, *callback_args, **callback_kwargs)
  File "/home/jxh/.local/lib/python3.10/site-packages/django/views/generic/base.py", line 104, in view
    return self.dispatch(request, *args, **kwargs)
  File "/home/jxh/.local/lib/python3.10/site-packages/django/views/generic/base.py", line 143, in dispatch
    return handler(request, *args, **kwargs)
  File "/home/jxh/GraduateProject/mysite/myapp/views/user/auth.py", line 149, in get
    checked_contracts = Contract.objects.filter(user=user, checked=True).count()
  File "/home/jxh/.local/lib/python3.10/site-packages/django/db/models/manager.py", line 87, in manager_method
    return getattr(self.get_queryset(), name)(*args, **kwargs)
  File "/home/jxh/.local/lib/python3.10/site-packages/django/db/models/query.py", line 1476, in filter
    return self._filter_or_exclude(False, args, kwargs)
  File "/home/jxh/.local/lib/python3.10/site-packages/django/db/models/query.py", line 1494, in _filter_or_exclude
    clone._filter_or_exclude_inplace(negate, args, kwargs)
  File "/home/jxh/.local/lib/python3.10/site-packages/django/db/models/query.py", line 1501, in _filter_or_exclude_inplace
    self._query.add_q(Q(*args, **kwargs))
  File "/home/jxh/.local/lib/python3.10/site-packages/django/db/models/sql/query.py", line 1609, in add_q
    clause, _ = self._add_q(q_object, self.used_aliases)
  File "/home/jxh/.local/lib/python3.10/site-packages/django/db/models/sql/query.py", line 1641, in _add_q
    child_clause, needed_inner = self.build_filter(
  File "/home/jxh/.local/lib/python3.10/site-packages/django/db/models/sql/query.py", line 1491, in build_filter
    lookups, parts, reffed_expression = self.solve_lookup_type(arg, summarize)
  File "/home/jxh/.local/lib/python3.10/site-packages/django/db/models/sql/query.py", line 1303, in solve_lookup_type
    _, field, _, lookup_parts = self.names_to_path(lookup_splitted, self.get_meta())
  File "/home/jxh/.local/lib/python3.10/site-packages/django/db/models/sql/query.py", line 1768, in names_to_path
    raise FieldError(
django.core.exceptions.FieldError: Cannot resolve keyword 'checked' into field. Choices are: check_result, content, conversations, created_at, file_path, id, landlord_info, lease_info, other_terms, payment_info, property_info, status, tenant_info, title, updated_at, user, user_id
"GET /api/user/profile/ HTTP/1.1" 500 128638
"GET /create/ HTTP/1.1" 200 19459
Internal Server Error: /api/user/profile/
Traceback (most recent call last):
  File "/home/jxh/.local/lib/python3.10/site-packages/django/core/handlers/exception.py", line 55, in inner
    response = get_response(request)
  File "/home/jxh/.local/lib/python3.10/site-packages/django/core/handlers/base.py", line 197, in _get_response
    response = wrapped_callback(request, *callback_args, **callback_kwargs)
  File "/home/jxh/.local/lib/python3.10/site-packages/django/views/generic/base.py", line 104, in view
    return self.dispatch(request, *args, **kwargs)
  File "/home/jxh/.local/lib/python3.10/site-packages/django/views/generic/base.py", line 143, in dispatch
    return handler(request, *args, **kwargs)
  File "/home/jxh/GraduateProject/mysite/myapp/views/user/auth.py", line 149, in get
    checked_contracts = Contract.objects.filter(user=user, checked=True).count()
  File "/home/jxh/.local/lib/python3.10/site-packages/django/db/models/manager.py", line 87, in manager_method
    return getattr(self.get_queryset(), name)(*args, **kwargs)
  File "/home/jxh/.local/lib/python3.10/site-packages/django/db/models/query.py", line 1476, in filter
    return self._filter_or_exclude(False, args, kwargs)
  File "/home/jxh/.local/lib/python3.10/site-packages/django/db/models/query.py", line 1494, in _filter_or_exclude
    clone._filter_or_exclude_inplace(negate, args, kwargs)
  File "/home/jxh/.local/lib/python3.10/site-packages/django/db/models/query.py", line 1501, in _filter_or_exclude_inplace
    self._query.add_q(Q(*args, **kwargs))
  File "/home/jxh/.local/lib/python3.10/site-packages/django/db/models/sql/query.py", line 1609, in add_q
    clause, _ = self._add_q(q_object, self.used_aliases)
  File "/home/jxh/.local/lib/python3.10/site-packages/django/db/models/sql/query.py", line 1641, in _add_q
    child_clause, needed_inner = self.build_filter(
  File "/home/jxh/.local/lib/python3.10/site-packages/django/db/models/sql/query.py", line 1491, in build_filter
    lookups, parts, reffed_expression = self.solve_lookup_type(arg, summarize)
  File "/home/jxh/.local/lib/python3.10/site-packages/django/db/models/sql/query.py", line 1303, in solve_lookup_type
    _, field, _, lookup_parts = self.names_to_path(lookup_splitted, self.get_meta())
  File "/home/jxh/.local/lib/python3.10/site-packages/django/db/models/sql/query.py", line 1768, in names_to_path
    raise FieldError(
django.core.exceptions.FieldError: Cannot resolve keyword 'checked' into field. Choices are: check_result, content, conversations, created_at, file_path, id, landlord_info, lease_info, other_terms, payment_info, property_info, status, tenant_info, title, updated_at, user, user_id
"GET /api/user/profile/ HTTP/1.1" 500 128638
"GET /profile/ HTTP/1.1" 200 19774
Internal Server Error: /api/user/profile/
Traceback (most recent call last):
  File "/home/jxh/.local/lib/python3.10/site-packages/django/core/handlers/exception.py", line 55, in inner
    response = get_response(request)
  File "/home/jxh/.local/lib/python3.10/site-packages/django/core/handlers/base.py", line 197, in _get_response
    response = wrapped_callback(request, *callback_args, **callback_kwargs)
  File "/home/jxh/.local/lib/python3.10/site-packages/django/views/generic/base.py", line 104, in view
    return self.dispatch(request, *args, **kwargs)
  File "/home/jxh/.local/lib/python3.10/site-packages/django/views/generic/base.py", line 143, in dispatch
    return handler(request, *args, **kwargs)
  File "/home/jxh/GraduateProject/mysite/myapp/views/user/auth.py", line 149, in get
    checked_contracts = Contract.objects.filter(user=user, checked=True).count()
  File "/home/jxh/.local/lib/python3.10/site-packages/django/db/models/manager.py", line 87, in manager_method
    return getattr(self.get_queryset(), name)(*args, **kwargs)
  File "/home/jxh/.local/lib/python3.10/site-packages/django/db/models/query.py", line 1476, in filter
    return self._filter_or_exclude(False, args, kwargs)
  File "/home/jxh/.local/lib/python3.10/site-packages/django/db/models/query.py", line 1494, in _filter_or_exclude
    clone._filter_or_exclude_inplace(negate, args, kwargs)
  File "/home/jxh/.local/lib/python3.10/site-packages/django/db/models/query.py", line 1501, in _filter_or_exclude_inplace
    self._query.add_q(Q(*args, **kwargs))
  File "/home/jxh/.local/lib/python3.10/site-packages/django/db/models/sql/query.py", line 1609, in add_q
    clause, _ = self._add_q(q_object, self.used_aliases)
  File "/home/jxh/.local/lib/python3.10/site-packages/django/db/models/sql/query.py", line 1641, in _add_q
    child_clause, needed_inner = self.build_filter(
  File "/home/jxh/.local/lib/python3.10/site-packages/django/db/models/sql/query.py", line 1491, in build_filter
    lookups, parts, reffed_expression = self.solve_lookup_type(arg, summarize)
  File "/home/jxh/.local/lib/python3.10/site-packages/django/db/models/sql/query.py", line 1303, in solve_lookup_type
    _, field, _, lookup_parts = self.names_to_path(lookup_splitted, self.get_meta())
  File "/home/jxh/.local/lib/python3.10/site-packages/django/db/models/sql/query.py", line 1768, in names_to_path
    raise FieldError(
django.core.exceptions.FieldError: Cannot resolve keyword 'checked' into field. Choices are: check_result, content, conversations, created_at, file_path, id, landlord_info, lease_info, other_terms, payment_info, property_info, status, tenant_info, title, updated_at, user, user_id
"GET /api/user/profile/ HTTP/1.1" 500 128639
Internal Server Error: /api/user/profile/
Traceback (most recent call last):
  File "/home/jxh/.local/lib/python3.10/site-packages/django/core/handlers/exception.py", line 55, in inner
    response = get_response(request)
  File "/home/jxh/.local/lib/python3.10/site-packages/django/core/handlers/base.py", line 197, in _get_response
    response = wrapped_callback(request, *callback_args, **callback_kwargs)
  File "/home/jxh/.local/lib/python3.10/site-packages/django/views/generic/base.py", line 104, in view
    return self.dispatch(request, *args, **kwargs)
  File "/home/jxh/.local/lib/python3.10/site-packages/django/views/generic/base.py", line 143, in dispatch
    return handler(request, *args, **kwargs)
  File "/home/jxh/GraduateProject/mysite/myapp/views/user/auth.py", line 149, in get
    checked_contracts = Contract.objects.filter(user=user, checked=True).count()
  File "/home/jxh/.local/lib/python3.10/site-packages/django/db/models/manager.py", line 87, in manager_method
    return getattr(self.get_queryset(), name)(*args, **kwargs)
  File "/home/jxh/.local/lib/python3.10/site-packages/django/db/models/query.py", line 1476, in filter
    return self._filter_or_exclude(False, args, kwargs)
  File "/home/jxh/.local/lib/python3.10/site-packages/django/db/models/query.py", line 1494, in _filter_or_exclude
    clone._filter_or_exclude_inplace(negate, args, kwargs)
  File "/home/jxh/.local/lib/python3.10/site-packages/django/db/models/query.py", line 1501, in _filter_or_exclude_inplace
    self._query.add_q(Q(*args, **kwargs))
  File "/home/jxh/.local/lib/python3.10/site-packages/django/db/models/sql/query.py", line 1609, in add_q
    clause, _ = self._add_q(q_object, self.used_aliases)
  File "/home/jxh/.local/lib/python3.10/site-packages/django/db/models/sql/query.py", line 1641, in _add_q
    child_clause, needed_inner = self.build_filter(
  File "/home/jxh/.local/lib/python3.10/site-packages/django/db/models/sql/query.py", line 1491, in build_filter
    lookups, parts, reffed_expression = self.solve_lookup_type(arg, summarize)
  File "/home/jxh/.local/lib/python3.10/site-packages/django/db/models/sql/query.py", line 1303, in solve_lookup_type
    _, field, _, lookup_parts = self.names_to_path(lookup_splitted, self.get_meta())
  File "/home/jxh/.local/lib/python3.10/site-packages/django/db/models/sql/query.py", line 1768, in names_to_path
    raise FieldError(
django.core.exceptions.FieldError: Cannot resolve keyword 'checked' into field. Choices are: check_result, content, conversations, created_at, file_path, id, landlord_info, lease_info, other_terms, payment_info, property_info, status, tenant_info, title, updated_at, user, user_id
"GET /api/user/profile/ HTTP/1.1" 500 128639
"POST /api/user/login/ HTTP/1.1" 200 127
Internal Server Error: /api/user/profile/
Traceback (most recent call last):
  File "/home/jxh/.local/lib/python3.10/site-packages/django/core/handlers/exception.py", line 55, in inner
    response = get_response(request)
  File "/home/jxh/.local/lib/python3.10/site-packages/django/core/handlers/base.py", line 197, in _get_response
    response = wrapped_callback(request, *callback_args, **callback_kwargs)
  File "/home/jxh/.local/lib/python3.10/site-packages/django/views/generic/base.py", line 104, in view
    return self.dispatch(request, *args, **kwargs)
  File "/home/jxh/.local/lib/python3.10/site-packages/django/views/generic/base.py", line 143, in dispatch
    return handler(request, *args, **kwargs)
  File "/home/jxh/GraduateProject/mysite/myapp/views/user/auth.py", line 149, in get
    checked_contracts = Contract.objects.filter(user=user, checked=True).count()
  File "/home/jxh/.local/lib/python3.10/site-packages/django/db/models/manager.py", line 87, in manager_method
    return getattr(self.get_queryset(), name)(*args, **kwargs)
  File "/home/jxh/.local/lib/python3.10/site-packages/django/db/models/query.py", line 1476, in filter
    return self._filter_or_exclude(False, args, kwargs)
  File "/home/jxh/.local/lib/python3.10/site-packages/django/db/models/query.py", line 1494, in _filter_or_exclude
    clone._filter_or_exclude_inplace(negate, args, kwargs)
  File "/home/jxh/.local/lib/python3.10/site-packages/django/db/models/query.py", line 1501, in _filter_or_exclude_inplace
    self._query.add_q(Q(*args, **kwargs))
  File "/home/jxh/.local/lib/python3.10/site-packages/django/db/models/sql/query.py", line 1609, in add_q
    clause, _ = self._add_q(q_object, self.used_aliases)
  File "/home/jxh/.local/lib/python3.10/site-packages/django/db/models/sql/query.py", line 1641, in _add_q
    child_clause, needed_inner = self.build_filter(
  File "/home/jxh/.local/lib/python3.10/site-packages/django/db/models/sql/query.py", line 1491, in build_filter
    lookups, parts, reffed_expression = self.solve_lookup_type(arg, summarize)
  File "/home/jxh/.local/lib/python3.10/site-packages/django/db/models/sql/query.py", line 1303, in solve_lookup_type
    _, field, _, lookup_parts = self.names_to_path(lookup_splitted, self.get_meta())
  File "/home/jxh/.local/lib/python3.10/site-packages/django/db/models/sql/query.py", line 1768, in names_to_path
    raise FieldError(
django.core.exceptions.FieldError: Cannot resolve keyword 'checked' into field. Choices are: check_result, content, conversations, created_at, file_path, id, landlord_info, lease_info, other_terms, payment_info, property_info, status, tenant_info, title, updated_at, user, user_id
"GET /api/user/profile/ HTTP/1.1" 500 128639
/home/jxh/GraduateProject/mysite/myapp/views/dialog/conversation.py changed, reloading.
/home/jxh/GraduateProject/mysite/myapp/views/dialog/conversation.py changed, reloading.
/home/jxh/GraduateProject/mysite/myapp/views/dialog/conversation.py changed, reloading.
/home/jxh/GraduateProject/mysite/myapp/views/dialog/conversation.py changed, reloading.
/home/jxh/GraduateProject/mysite/myapp/views/dialog/conversation.py changed, reloading.
Watching for file changes with StatReloader
Watching for file changes with StatReloader
Watching for file changes with StatReloader
Watching for file changes with StatReloader
Watching for file changes with StatReloader
/home/jxh/GraduateProject/mysite/myapp/views/dialog/conversation.py changed, reloading.
/home/jxh/GraduateProject/mysite/myapp/views/dialog/conversation.py changed, reloading.
/home/jxh/GraduateProject/mysite/myapp/views/dialog/conversation.py changed, reloading.
/home/jxh/GraduateProject/mysite/myapp/views/dialog/conversation.py changed, reloading.
/home/jxh/GraduateProject/mysite/myapp/views/dialog/conversation.py changed, reloading.
Watching for file changes with StatReloader
Watching for file changes with StatReloader
Watching for file changes with StatReloader
Watching for file changes with StatReloader
Watching for file changes with StatReloader
/home/jxh/GraduateProject/mysite/myapp/views/dialog/conversation.py changed, reloading.
/home/jxh/GraduateProject/mysite/myapp/views/dialog/conversation.py changed, reloading.
/home/jxh/GraduateProject/mysite/myapp/views/dialog/conversation.py changed, reloading.
/home/jxh/GraduateProject/mysite/myapp/views/dialog/conversation.py changed, reloading.
/home/jxh/GraduateProject/mysite/myapp/views/dialog/conversation.py changed, reloading.
Watching for file changes with StatReloader
Watching for file changes with StatReloader
Watching for file changes with StatReloader
Watching for file changes with StatReloader
Watching for file changes with StatReloader
/home/jxh/GraduateProject/mysite/myapp/views/dialog/conversation.py changed, reloading.
/home/jxh/GraduateProject/mysite/myapp/views/dialog/conversation.py changed, reloading.
/home/jxh/GraduateProject/mysite/myapp/views/dialog/conversation.py changed, reloading.
/home/jxh/GraduateProject/mysite/myapp/views/dialog/conversation.py changed, reloading.
/home/jxh/GraduateProject/mysite/myapp/views/dialog/conversation.py changed, reloading.
Watching for file changes with StatReloader
Watching for file changes with StatReloader
Watching for file changes with StatReloader
Watching for file changes with StatReloader
Watching for file changes with StatReloader
/home/jxh/GraduateProject/mysite/myapp/views/dialog/conversation.py changed, reloading.
/home/jxh/GraduateProject/mysite/myapp/views/dialog/conversation.py changed, reloading.
/home/jxh/GraduateProject/mysite/myapp/views/dialog/conversation.py changed, reloading.
/home/jxh/GraduateProject/mysite/myapp/views/dialog/conversation.py changed, reloading.
/home/jxh/GraduateProject/mysite/myapp/views/dialog/conversation.py changed, reloading.
Watching for file changes with StatReloader
Watching for file changes with StatReloader
Watching for file changes with StatReloader
Watching for file changes with StatReloader
Watching for file changes with StatReloader
/home/jxh/GraduateProject/mysite/myapp/models.py changed, reloading.
/home/jxh/GraduateProject/mysite/myapp/models.py changed, reloading.
/home/jxh/GraduateProject/mysite/myapp/models.py changed, reloading.
/home/jxh/GraduateProject/mysite/myapp/models.py changed, reloading.
/home/jxh/GraduateProject/mysite/myapp/models.py changed, reloading.
Watching for file changes with StatReloader
Watching for file changes with StatReloader
Watching for file changes with StatReloader
Watching for file changes with StatReloader
Watching for file changes with StatReloader
/home/jxh/GraduateProject/mysite/myapp/views/user/auth.py changed, reloading.
/home/jxh/GraduateProject/mysite/myapp/views/user/auth.py changed, reloading.
/home/jxh/GraduateProject/mysite/myapp/views/user/auth.py changed, reloading.
/home/jxh/GraduateProject/mysite/myapp/views/user/auth.py changed, reloading.
/home/jxh/GraduateProject/mysite/myapp/views/user/auth.py changed, reloading.
Watching for file changes with StatReloader
Watching for file changes with StatReloader
Watching for file changes with StatReloader
Watching for file changes with StatReloader
Watching for file changes with StatReloader
/home/jxh/GraduateProject/mysite/myapp/views/user/auth.py changed, reloading.
/home/jxh/GraduateProject/mysite/myapp/views/user/auth.py changed, reloading.
/home/jxh/GraduateProject/mysite/myapp/views/user/auth.py changed, reloading.
/home/jxh/GraduateProject/mysite/myapp/views/user/auth.py changed, reloading.
/home/jxh/GraduateProject/mysite/myapp/views/user/auth.py changed, reloading.
Watching for file changes with StatReloader
Watching for file changes with StatReloader
Watching for file changes with StatReloader
Watching for file changes with StatReloader
Watching for file changes with StatReloader
/home/jxh/GraduateProject/mysite/myapp/views/dialog/conversation.py changed, reloading.
/home/jxh/GraduateProject/mysite/myapp/views/dialog/conversation.py changed, reloading.
/home/jxh/GraduateProject/mysite/myapp/views/dialog/conversation.py changed, reloading.
/home/jxh/GraduateProject/mysite/myapp/views/dialog/conversation.py changed, reloading.
/home/jxh/GraduateProject/mysite/myapp/views/dialog/conversation.py changed, reloading.
Watching for file changes with StatReloader
Watching for file changes with StatReloader
Watching for file changes with StatReloader
Watching for file changes with StatReloader
Watching for file changes with StatReloader
/home/jxh/GraduateProject/mysite/myapp/views/dialog/conversation.py changed, reloading.
/home/jxh/GraduateProject/mysite/myapp/views/dialog/conversation.py changed, reloading.
/home/jxh/GraduateProject/mysite/myapp/views/dialog/conversation.py changed, reloading.
Watching for file changes with StatReloader
Watching for file changes with StatReloader
Watching for file changes with StatReloader
/home/jxh/GraduateProject/mysite/myapp/views/dialog/conversation.py changed, reloading.
/home/jxh/GraduateProject/mysite/myapp/views/dialog/conversation.py changed, reloading.
/home/jxh/GraduateProject/mysite/myapp/views/dialog/conversation.py changed, reloading.
/home/jxh/GraduateProject/mysite/myapp/views/dialog/conversation.py changed, reloading.
/home/jxh/GraduateProject/mysite/myapp/views/dialog/conversation.py changed, reloading.
Watching for file changes with StatReloader
Watching for file changes with StatReloader
Watching for file changes with StatReloader
Watching for file changes with StatReloader
Watching for file changes with StatReloader
"GET /profile/ HTTP/1.1" 200 21489
"GET / HTTP/1.1" 200 20123
"GET / HTTP/1.1" 200 20123
"GET / HTTP/1.1" 200 20123
"GET / HTTP/1.1" 200 20123
"GET / HTTP/1.1" 200 20123
"GET / HTTP/1.1" 200 20123
"GET / HTTP/1.1" 200 20123
Not Found: /favicon.ico
"GET /favicon.ico HTTP/1.1" 404 4763
"GET /api/docs/ HTTP/1.1" 200 4640
"GET /api/schema/ HTTP/1.1" 200 14287
"GET / HTTP/1.1" 200 20123
"GET / HTTP/1.1" 200 20123
/home/jxh/GraduateProject/mysite/myapp/views/user/auth.py changed, reloading.
/home/jxh/GraduateProject/mysite/myapp/views/user/auth.py changed, reloading.
/home/jxh/GraduateProject/mysite/myapp/views/user/auth.py changed, reloading.
/home/jxh/GraduateProject/mysite/myapp/views/user/auth.py changed, reloading.
/home/jxh/GraduateProject/mysite/myapp/views/user/auth.py changed, reloading.
Watching for file changes with StatReloader
Watching for file changes with StatReloader
Watching for file changes with StatReloader
Watching for file changes with StatReloader
Watching for file changes with StatReloader
Watching for file changes with StatReloader
"GET / HTTP/1.1" 200 20123
"GET / HTTP/1.1" 200 20123
"GET / HTTP/1.1" 200 20123
"GET / HTTP/1.1" 200 20123
"GET / HTTP/1.1" 200 20123
Watching for file changes with StatReloader
"GET / HTTP/1.1" 200 20123
/home/jxh/GraduateProject/mysite/myapp/models.py changed, reloading.
/home/jxh/GraduateProject/mysite/myapp/models.py changed, reloading.
/home/jxh/GraduateProject/mysite/myapp/models.py changed, reloading.
/home/jxh/GraduateProject/mysite/myapp/models.py changed, reloading.
/home/jxh/GraduateProject/mysite/myapp/models.py changed, reloading.
Watching for file changes with StatReloader
Watching for file changes with StatReloader
Watching for file changes with StatReloader
Watching for file changes with StatReloader
Watching for file changes with StatReloader
"GET / HTTP/1.1" 200 20123
/home/jxh/GraduateProject/mysite/myapp/models.py changed, reloading.
/home/jxh/GraduateProject/mysite/myapp/models.py changed, reloading.
/home/jxh/GraduateProject/mysite/myapp/models.py changed, reloading.
/home/jxh/GraduateProject/mysite/myapp/models.py changed, reloading.
/home/jxh/GraduateProject/mysite/myapp/models.py changed, reloading.
Watching for file changes with StatReloader
Watching for file changes with StatReloader
Watching for file changes with StatReloader
Watching for file changes with StatReloader
Watching for file changes with StatReloader
/home/jxh/GraduateProject/mysite/myapp/models.py changed, reloading.
/home/jxh/GraduateProject/mysite/myapp/models.py changed, reloading.
/home/jxh/GraduateProject/mysite/myapp/models.py changed, reloading.
/home/jxh/GraduateProject/mysite/myapp/models.py changed, reloading.
/home/jxh/GraduateProject/mysite/myapp/models.py changed, reloading.
Watching for file changes with StatReloader
Watching for file changes with StatReloader
Watching for file changes with StatReloader
Watching for file changes with StatReloader
Watching for file changes with StatReloader
/home/jxh/GraduateProject/mysite/myapp/models.py changed, reloading.
/home/jxh/GraduateProject/mysite/myapp/models.py changed, reloading.
/home/jxh/GraduateProject/mysite/myapp/models.py changed, reloading.
/home/jxh/GraduateProject/mysite/myapp/models.py changed, reloading.
/home/jxh/GraduateProject/mysite/myapp/models.py changed, reloading.
Watching for file changes with StatReloader
Watching for file changes with StatReloader
Watching for file changes with StatReloader
Watching for file changes with StatReloader
Watching for file changes with StatReloader
/home/jxh/GraduateProject/mysite/myapp/fronthandler.py changed, reloading.
/home/jxh/GraduateProject/mysite/myapp/fronthandler.py changed, reloading.
/home/jxh/GraduateProject/mysite/myapp/fronthandler.py changed, reloading.
/home/jxh/GraduateProject/mysite/myapp/fronthandler.py changed, reloading.
/home/jxh/GraduateProject/mysite/myapp/fronthandler.py changed, reloading.
Watching for file changes with StatReloader
Watching for file changes with StatReloader
Watching for file changes with StatReloader
Watching for file changes with StatReloader
Watching for file changes with StatReloader
Watching for file changes with StatReloader
/home/jxh/GraduateProject/mysite/mysite/urls.py changed, reloading.
/home/jxh/GraduateProject/mysite/mysite/urls.py changed, reloading.
/home/jxh/GraduateProject/mysite/mysite/urls.py changed, reloading.
/home/jxh/GraduateProject/mysite/mysite/urls.py changed, reloading.
Watching for file changes with StatReloader
/home/jxh/GraduateProject/mysite/mysite/urls.py changed, reloading.
Watching for file changes with StatReloader
Watching for file changes with StatReloader
Watching for file changes with StatReloader
Watching for file changes with StatReloader
/home/jxh/GraduateProject/mysite/mysite/urls.py changed, reloading.
/home/jxh/GraduateProject/mysite/mysite/urls.py changed, reloading.
/home/jxh/GraduateProject/mysite/mysite/urls.py changed, reloading.
/home/jxh/GraduateProject/mysite/mysite/urls.py changed, reloading.
/home/jxh/GraduateProject/mysite/mysite/urls.py changed, reloading.
Watching for file changes with StatReloader
Watching for file changes with StatReloader
Watching for file changes with StatReloader
Watching for file changes with StatReloader
Watching for file changes with StatReloader
Watching for file changes with StatReloader
"GET / HTTP/1.1" 200 19836
"GET / HTTP/1.1" 200 19836
"GET / HTTP/1.1" 200 19836
"GET / HTTP/1.1" 200 19836
"GET / HTTP/1.1" 200 19836
"GET / HTTP/1.1" 200 19836
"GET /api/docs/ HTTP/1.1" 200 4640
"GET /api/schema/ HTTP/1.1" 200 14287
Watching for file changes with StatReloader
Watching for file changes with StatReloader
Watching for file changes with StatReloader
"GET / HTTP/1.1" 200 19836
Not Found: /@vite/client
"GET /@vite/client HTTP/1.1" 404 4447
"GET / HTTP/1.1" 200 19836
Not Found: /@vite/client
"GET /@vite/client HTTP/1.1" 404 4447
Not Found: /.well-known/appspecific/com.chrome.devtools.json
"GET /.well-known/appspecific/com.chrome.devtools.json HTTP/1.1" 404 4555
"GET / HTTP/1.1" 200 19836
Not Found: /.well-known/appspecific/com.chrome.devtools.json
"GET /.well-known/appspecific/com.chrome.devtools.json HTTP/1.1" 404 4555
"GET / HTTP/1.1" 200 21792
"GET /api/user/profile/ HTTP/1.1" 200 388
Not Found: /@vite/client
"GET /@vite/client HTTP/1.1" 404 4447
"GET /create/ HTTP/1.1" 200 23617
"GET /api/user/profile/ HTTP/1.1" 200 388
Not Found: /@vite/client
"GET /@vite/client HTTP/1.1" 404 4447
"GET /preview/ HTTP/1.1" 200 24433
"GET /api/user/profile/ HTTP/1.1" 200 388
Not Found: /api/generate/generate/
"POST /api/generate/generate/ HTTP/1.1" 404 4478
Not Found: /@vite/client
"GET /@vite/client HTTP/1.1" 404 4447
"GET /check/ HTTP/1.1" 200 25797
"GET /api/user/profile/ HTTP/1.1" 200 388
Not Found: /@vite/client
"GET /@vite/client HTTP/1.1" 404 4447
"GET /history/ HTTP/1.1" 200 24604
"GET /api/contract/ HTTP/1.1" 200 132
"GET /api/user/profile/ HTTP/1.1" 200 388
Not Found: /@vite/client
"GET /@vite/client HTTP/1.1" 404 4447
"GET /profile/ HTTP/1.1" 200 23445
"GET /api/user/profile/ HTTP/1.1" 200 388
Not Found: /@vite/client
"GET /@vite/client HTTP/1.1" 404 4447
"GET /api/user/profile/ HTTP/1.1" 200 388
"GET /history/ HTTP/1.1" 200 24604
"GET /api/user/profile/ HTTP/1.1" 200 388
Not Found: /@vite/client
"GET /api/contract/ HTTP/1.1" 200 132
"GET /@vite/client HTTP/1.1" 404 4447
"GET /profile/ HTTP/1.1" 200 23445
"GET /api/user/profile/ HTTP/1.1" 200 388
"GET /api/user/profile/ HTTP/1.1" 200 388
Not Found: /@vite/client
"GET /@vite/client HTTP/1.1" 404 4447
"GET /history/ HTTP/1.1" 200 24604
"GET /api/user/profile/ HTTP/1.1" 200 388
"GET /api/contract/ HTTP/1.1" 200 132
Not Found: /@vite/client
"GET /@vite/client HTTP/1.1" 404 4447
"GET /create/ HTTP/1.1" 200 23617
"GET /api/user/profile/ HTTP/1.1" 200 388
Not Found: /@vite/client
"GET /@vite/client HTTP/1.1" 404 4447
"GET /create/ HTTP/1.1" 200 23617
"GET /api/user/profile/ HTTP/1.1" 200 388
Not Found: /@vite/client
"GET /@vite/client HTTP/1.1" 404 4447
"GET /check/ HTTP/1.1" 200 25797
"GET /api/user/profile/ HTTP/1.1" 200 388
Not Found: /@vite/client
"GET /@vite/client HTTP/1.1" 404 4447
Not Found: /dialog/
"GET /dialog/ HTTP/1.1" 404 4432
Not Found: /@vite/client
"GET /@vite/client HTTP/1.1" 404 4447
Not Found: /@vite/client
"GET /@vite/client HTTP/1.1" 404 4447
"GET /create/ HTTP/1.1" 200 19707
Not Found: /@vite/client
"GET /@vite/client HTTP/1.1" 404 4447
"GET /create/ HTTP/1.1" 200 19707
Not Found: /@vite/client
"GET /@vite/client HTTP/1.1" 404 4447
"GET / HTTP/1.1" 200 19837
"GET /api/user/profile/ HTTP/1.1" 200 388
Not Found: /@vite/client
"GET /@vite/client HTTP/1.1" 404 4447
"GET / HTTP/1.1" 200 19837
"GET /api/user/profile/ HTTP/1.1" 200 388
"GET /preview/ HTTP/1.1" 200 22478
"GET /api/user/profile/ HTTP/1.1" 200 388
"GET /create/ HTTP/1.1" 200 21662
"GET /api/user/profile/ HTTP/1.1" 200 388
"GET /history/ HTTP/1.1" 200 22649
"GET /api/user/profile/ HTTP/1.1" 200 388
"GET /api/contract/ HTTP/1.1" 200 132
Not Found: /dialog/
"GET /dialog/ HTTP/1.1" 404 4432
"GET /check/ HTTP/1.1" 200 23842
"GET /api/user/profile/ HTTP/1.1" 200 388
"GET /profile/ HTTP/1.1" 200 21490
"GET /api/user/profile/ HTTP/1.1" 200 388
"GET /api/user/profile/ HTTP/1.1" 200 388
"GET /history/ HTTP/1.1" 200 22649
"GET /api/contract/ HTTP/1.1" 200 132
"GET /api/user/profile/ HTTP/1.1" 200 388
"GET /create/ HTTP/1.1" 200 21662
"GET /api/user/profile/ HTTP/1.1" 200 388
"GET /history/ HTTP/1.1" 200 22649
"GET /api/contract/ HTTP/1.1" 200 132
"GET /api/user/profile/ HTTP/1.1" 200 388
"GET /profile/ HTTP/1.1" 200 21490
"GET /api/user/profile/ HTTP/1.1" 200 388
"GET /api/user/profile/ HTTP/1.1" 200 388
"GET /history/ HTTP/1.1" 200 22649
"GET /api/user/profile/ HTTP/1.1" 200 388
"GET /api/contract/ HTTP/1.1" 200 132
"GET /profile/ HTTP/1.1" 200 21490
"GET /api/user/profile/ HTTP/1.1" 200 388
"GET /api/user/profile/ HTTP/1.1" 200 388
"GET /check/ HTTP/1.1" 200 23842
"GET /api/user/profile/ HTTP/1.1" 200 388
"GET /preview/ HTTP/1.1" 200 22478
"GET /api/user/profile/ HTTP/1.1" 200 388
"GET /create/ HTTP/1.1" 200 21662
"GET /api/user/profile/ HTTP/1.1" 200 388
"GET /check/ HTTP/1.1" 200 23842
"GET /api/user/profile/ HTTP/1.1" 200 388
"GET /history/ HTTP/1.1" 200 22603
"GET /api/user/profile/ HTTP/1.1" 200 388
"GET /api/contract/ HTTP/1.1" 200 132
Not Found: /@vite/client
"GET /@vite/client HTTP/1.1" 404 4447
"GET /check/ HTTP/1.1" 200 23796
"GET /api/user/profile/ HTTP/1.1" 200 388
Not Found: /@vite/client
"GET /@vite/client HTTP/1.1" 404 4447
"GET /history/ HTTP/1.1" 200 22603
"GET /api/user/profile/ HTTP/1.1" 200 388
"GET /api/contract/ HTTP/1.1" 200 132
Not Found: /@vite/client
"GET /@vite/client HTTP/1.1" 404 4447
"GET /profile/ HTTP/1.1" 200 21444
"GET /api/user/profile/ HTTP/1.1" 200 388
Not Found: /@vite/client
"GET /@vite/client HTTP/1.1" 404 4447
"GET /api/user/profile/ HTTP/1.1" 200 388
"GET /preview/ HTTP/1.1" 200 22478
Not Found: /api/generate/generate/
"POST /api/generate/generate/ HTTP/1.1" 404 4478
"GET /api/user/profile/ HTTP/1.1" 200 388
Not Found: /@vite/client
"GET /@vite/client HTTP/1.1" 404 4447
"GET /profile/ HTTP/1.1" 200 21444
"GET /api/user/profile/ HTTP/1.1" 200 388
Not Found: /@vite/client
"GET /@vite/client HTTP/1.1" 404 4447
"GET /api/user/profile/ HTTP/1.1" 200 388
"GET /create/ HTTP/1.1" 200 21662
"GET /api/user/profile/ HTTP/1.1" 200 388
Not Found: /@vite/client
"GET /@vite/client HTTP/1.1" 404 4447
"GET /check/ HTTP/1.1" 200 23796
"GET /api/user/profile/ HTTP/1.1" 200 388
Not Found: /@vite/client
"GET /@vite/client HTTP/1.1" 404 4447
"GET /check/ HTTP/1.1" 200 23796
"GET /api/user/profile/ HTTP/1.1" 200 388
Not Found: /@vite/client
"GET /@vite/client HTTP/1.1" 404 4447
"GET /create/ HTTP/1.1" 200 21662
"GET /api/user/profile/ HTTP/1.1" 200 388
Not Found: /@vite/client
"GET /@vite/client HTTP/1.1" 404 4447
"GET /check/ HTTP/1.1" 200 23796
"GET /api/user/profile/ HTTP/1.1" 200 388
Not Found: /@vite/client
"GET /@vite/client HTTP/1.1" 404 4447
"GET /create/ HTTP/1.1" 200 21662
"GET /api/user/profile/ HTTP/1.1" 200 388
Not Found: /@vite/client
"GET /@vite/client HTTP/1.1" 404 4447
"GET /history/ HTTP/1.1" 200 22603
"GET /api/user/profile/ HTTP/1.1" 200 388
"GET /api/contract/ HTTP/1.1" 200 132
Not Found: /@vite/client
"GET /@vite/client HTTP/1.1" 404 4447
"GET /profile/ HTTP/1.1" 200 21444
"GET /api/user/profile/ HTTP/1.1" 200 388
Not Found: /@vite/client
"GET /@vite/client HTTP/1.1" 404 4447
"GET /api/user/profile/ HTTP/1.1" 200 388
"GET /check/ HTTP/1.1" 200 23796
"GET /api/user/profile/ HTTP/1.1" 200 388
Not Found: /@vite/client
"GET /@vite/client HTTP/1.1" 404 4447
"GET /history/ HTTP/1.1" 200 22603
"GET /api/user/profile/ HTTP/1.1" 200 388
"GET /api/contract/ HTTP/1.1" 200 132
Not Found: /@vite/client
"GET /@vite/client HTTP/1.1" 404 4447
"GET /check/ HTTP/1.1" 200 23796
Not Found: /@vite/client
"GET /@vite/client HTTP/1.1" 404 4447
"GET /api/user/profile/ HTTP/1.1" 200 388
"GET /preview/ HTTP/1.1" 200 22478
Not Found: /api/generate/generate/
"POST /api/generate/generate/ HTTP/1.1" 404 4478
Not Found: /@vite/client
"GET /api/user/profile/ HTTP/1.1" 200 388
"GET /@vite/client HTTP/1.1" 404 4447
Method Not Allowed (POST): /api/contract/
Method Not Allowed: /api/contract/
"POST /api/contract/ HTTP/1.1" 405 0
"GET / HTTP/1.1" 200 19837
"GET /api/user/profile/ HTTP/1.1" 200 388
Not Found: /favicon.ico
"GET /favicon.ico HTTP/1.1" 404 4444
"GET /create/ HTTP/1.1" 200 21662
"GET /api/user/profile/ HTTP/1.1" 200 388
"GET /preview/ HTTP/1.1" 200 22478
Not Found: /api/generate/generate/
"POST /api/generate/generate/ HTTP/1.1" 404 4478
"GET /api/user/profile/ HTTP/1.1" 200 388
"GET /check/ HTTP/1.1" 200 23796
"GET /api/user/profile/ HTTP/1.1" 200 388
"GET /create/ HTTP/1.1" 200 21662
"GET /api/user/profile/ HTTP/1.1" 200 388
"GET /preview/ HTTP/1.1" 200 22478
Not Found: /api/generate/generate/
"POST /api/generate/generate/ HTTP/1.1" 404 4478
"GET /api/user/profile/ HTTP/1.1" 200 388
"GET /check/ HTTP/1.1" 200 23796
"GET /api/user/profile/ HTTP/1.1" 200 388
"GET /history/ HTTP/1.1" 200 22603
"GET /api/contract/ HTTP/1.1" 200 132
"GET /api/user/profile/ HTTP/1.1" 200 388
"GET /profile/ HTTP/1.1" 200 21444
"GET /api/user/profile/ HTTP/1.1" 200 388
"GET /api/user/profile/ HTTP/1.1" 200 388
"GET /history/ HTTP/1.1" 200 22603
"GET /api/contract/ HTTP/1.1" 200 132
"GET /api/user/profile/ HTTP/1.1" 200 388
"GET /history/ HTTP/1.1" 200 22603
"GET /api/contract/ HTTP/1.1" 200 132
"GET /api/user/profile/ HTTP/1.1" 200 388
"GET /create/ HTTP/1.1" 200 21662
"GET /api/user/profile/ HTTP/1.1" 200 388
"POST /api/user/logout/ HTTP/1.1" 200 52
"GET /check/ HTTP/1.1" 200 23796
Unauthorized: /api/user/profile/
"GET /api/user/profile/ HTTP/1.1" 401 52
"GET /check/ HTTP/1.1" 200 23796
Unauthorized: /api/user/profile/
"GET /api/user/profile/ HTTP/1.1" 401 52
"GET /create/ HTTP/1.1" 200 21662
Unauthorized: /api/user/profile/
"GET /api/user/profile/ HTTP/1.1" 401 52
"GET /create/ HTTP/1.1" 200 21662
Unauthorized: /api/user/profile/
"GET /api/user/profile/ HTTP/1.1" 401 52
"GET /check/ HTTP/1.1" 200 23796
Unauthorized: /api/user/profile/
"GET /api/user/profile/ HTTP/1.1" 401 52
"GET /history/ HTTP/1.1" 200 22603
Unauthorized: /api/user/profile/
Unauthorized: /api/contract/
"GET /api/user/profile/ HTTP/1.1" 401 52
"GET /api/contract/ HTTP/1.1" 401 52
"GET /profile/ HTTP/1.1" 200 21444
Unauthorized: /api/user/profile/
"GET /api/user/profile/ HTTP/1.1" 401 52
Unauthorized: /api/user/profile/
"GET /api/user/profile/ HTTP/1.1" 401 52
"GET /history/ HTTP/1.1" 200 22603
Unauthorized: /api/user/profile/
Unauthorized: /api/contract/
"GET /api/user/profile/ HTTP/1.1" 401 52
"GET /api/contract/ HTTP/1.1" 401 52
"GET /check/ HTTP/1.1" 200 23796
Unauthorized: /api/user/profile/
"GET /api/user/profile/ HTTP/1.1" 401 52
"GET /history/ HTTP/1.1" 200 22603
Unauthorized: /api/user/profile/
Unauthorized: /api/contract/
"GET /api/user/profile/ HTTP/1.1" 401 52
"GET /api/contract/ HTTP/1.1" 401 52
"GET /profile/ HTTP/1.1" 200 21444
Unauthorized: /api/user/profile/
"GET /api/user/profile/ HTTP/1.1" 401 52
Unauthorized: /api/user/profile/
"GET /api/user/profile/ HTTP/1.1" 401 52
"GET /history/ HTTP/1.1" 200 22603
Unauthorized: /api/user/profile/
Unauthorized: /api/contract/
"GET /api/user/profile/ HTTP/1.1" 401 52
"GET /api/contract/ HTTP/1.1" 401 52
"POST /api/user/login/ HTTP/1.1" 200 127
"GET /api/contract/ HTTP/1.1" 200 132
"GET /profile/ HTTP/1.1" 200 21444
"GET /api/user/profile/ HTTP/1.1" 200 388
"GET /api/user/profile/ HTTP/1.1" 200 388
"GET /check/ HTTP/1.1" 200 23796
"GET /api/user/profile/ HTTP/1.1" 200 388
"GET /preview/ HTTP/1.1" 200 30406
"GET /api/user/profile/ HTTP/1.1" 200 388
"GET /create/ HTTP/1.1" 200 27107
"GET /api/user/profile/ HTTP/1.1" 200 388
"GET /check/ HTTP/1.1" 200 23796
"GET /api/user/profile/ HTTP/1.1" 200 388
"GET /preview/ HTTP/1.1" 200 30406
"GET /api/user/profile/ HTTP/1.1" 200 388
"GET /create/ HTTP/1.1" 200 27107
"GET /api/user/profile/ HTTP/1.1" 200 388
"GET /preview/ HTTP/1.1" 200 30406
"GET /api/user/profile/ HTTP/1.1" 200 388
"GET /create/ HTTP/1.1" 200 27107
"GET /api/user/profile/ HTTP/1.1" 200 388
"GET /check/ HTTP/1.1" 200 23796
"GET /api/user/profile/ HTTP/1.1" 200 388
"GET /create/ HTTP/1.1" 200 27107
"GET /api/user/profile/ HTTP/1.1" 200 388
"GET /check/ HTTP/1.1" 200 23796
"GET /api/user/profile/ HTTP/1.1" 200 388
"GET /create/ HTTP/1.1" 200 27107
"GET /api/user/profile/ HTTP/1.1" 200 388
"GET /check/ HTTP/1.1" 200 23796
"GET /api/user/profile/ HTTP/1.1" 200 388
"GET /preview/ HTTP/1.1" 200 30406
"GET /api/user/profile/ HTTP/1.1" 200 388
"GET /check/ HTTP/1.1" 200 23796
"GET /api/user/profile/ HTTP/1.1" 200 388
"GET /history/ HTTP/1.1" 200 22603
"GET /api/user/profile/ HTTP/1.1" 200 388
"GET /api/contract/ HTTP/1.1" 200 574
"GET /profile/ HTTP/1.1" 200 21444
"GET /api/user/profile/ HTTP/1.1" 200 388
"GET /api/user/profile/ HTTP/1.1" 200 388
"GET /create/ HTTP/1.1" 200 27107
"GET /api/user/profile/ HTTP/1.1" 200 388
"GET /create/ HTTP/1.1" 200 27107
"GET /api/user/profile/ HTTP/1.1" 200 388
"GET /preview/ HTTP/1.1" 200 33205
"GET /api/user/profile/ HTTP/1.1" 200 388
"GET /create/ HTTP/1.1" 200 27107
"GET /api/user/profile/ HTTP/1.1" 200 388
"GET /preview/ HTTP/1.1" 200 33205
"GET /api/user/profile/ HTTP/1.1" 200 388
"GET /check/ HTTP/1.1" 200 23796
"GET /api/user/profile/ HTTP/1.1" 200 388
"GET /preview/ HTTP/1.1" 200 33205
"GET /api/user/profile/ HTTP/1.1" 200 388
"GET /check/ HTTP/1.1" 200 23796
"GET /api/user/profile/ HTTP/1.1" 200 388
"GET /history/ HTTP/1.1" 200 22603
"GET /api/user/profile/ HTTP/1.1" 200 388
"GET /api/contract/ HTTP/1.1" 200 574
"GET /profile/ HTTP/1.1" 200 21444
"GET /api/user/profile/ HTTP/1.1" 200 388
"GET /api/user/profile/ HTTP/1.1" 200 388
"GET /preview/ HTTP/1.1" 200 33205
"GET /api/user/profile/ HTTP/1.1" 200 388
"GET /profile/ HTTP/1.1" 200 21444
"GET /api/user/profile/ HTTP/1.1" 200 388
"GET /api/user/profile/ HTTP/1.1" 200 388
"GET /preview/ HTTP/1.1" 200 33205
"GET /api/user/profile/ HTTP/1.1" 200 388
"POST /generate/generate/ HTTP/1.1" 200 1056
Internal Server Error: /preview/
Traceback (most recent call last):
  File "/home/jxh/.local/lib/python3.10/site-packages/django/core/handlers/exception.py", line 55, in inner
    response = get_response(request)
  File "/home/jxh/.local/lib/python3.10/site-packages/django/core/handlers/base.py", line 197, in _get_response
    response = wrapped_callback(request, *callback_args, **callback_kwargs)
  File "/home/jxh/GraduateProject/mysite/myapp/fronthandler.py", line 14, in preview
    return render(request, 'myapp/preview.html')
  File "/home/jxh/.local/lib/python3.10/site-packages/django/shortcuts.py", line 25, in render
    content = loader.render_to_string(template_name, context, request, using=using)
  File "/home/jxh/.local/lib/python3.10/site-packages/django/template/loader.py", line 61, in render_to_string
    template = get_template(template_name, using=using)
  File "/home/jxh/.local/lib/python3.10/site-packages/django/template/loader.py", line 15, in get_template
    return engine.get_template(template_name)
  File "/home/jxh/.local/lib/python3.10/site-packages/django/template/backends/django.py", line 79, in get_template
    return Template(self.engine.get_template(template_name), self)
  File "/home/jxh/.local/lib/python3.10/site-packages/django/template/engine.py", line 177, in get_template
    template, origin = self.find_template(template_name)
  File "/home/jxh/.local/lib/python3.10/site-packages/django/template/engine.py", line 159, in find_template
    template = loader.get_template(name, skip=skip)
  File "/home/jxh/.local/lib/python3.10/site-packages/django/template/loaders/cached.py", line 57, in get_template
    template = super().get_template(template_name, skip)
  File "/home/jxh/.local/lib/python3.10/site-packages/django/template/loaders/base.py", line 28, in get_template
    return Template(
  File "/home/jxh/.local/lib/python3.10/site-packages/django/template/base.py", line 154, in __init__
    self.nodelist = self.compile_nodelist()
  File "/home/jxh/.local/lib/python3.10/site-packages/django/template/base.py", line 196, in compile_nodelist
    nodelist = parser.parse()
  File "/home/jxh/.local/lib/python3.10/site-packages/django/template/base.py", line 518, in parse
    raise self.error(token, e)
  File "/home/jxh/.local/lib/python3.10/site-packages/django/template/base.py", line 516, in parse
    compiled_result = compile_func(self, token)
  File "/home/jxh/.local/lib/python3.10/site-packages/django/template/loader_tags.py", line 295, in do_extends
    nodelist = parser.parse()
  File "/home/jxh/.local/lib/python3.10/site-packages/django/template/base.py", line 518, in parse
    raise self.error(token, e)
  File "/home/jxh/.local/lib/python3.10/site-packages/django/template/base.py", line 516, in parse
    compiled_result = compile_func(self, token)
  File "/home/jxh/.local/lib/python3.10/site-packages/django/template/loader_tags.py", line 234, in do_block
    nodelist = parser.parse(("endblock",))
  File "/home/jxh/.local/lib/python3.10/site-packages/django/template/base.py", line 489, in parse
    raise self.error(token, e)
  File "/home/jxh/.local/lib/python3.10/site-packages/django/template/base.py", line 487, in parse
    filter_expression = self.compile_filter(token.contents)
  File "/home/jxh/.local/lib/python3.10/site-packages/django/template/base.py", line 605, in compile_filter
    return FilterExpression(token, self)
  File "/home/jxh/.local/lib/python3.10/site-packages/django/template/base.py", line 706, in __init__
    raise TemplateSyntaxError(
django.template.exceptions.TemplateSyntaxError: Could not parse the remainder: ' ? '生成中...' : '生成补充条款'' from 'generatingClause ? '生成中...' : '生成补充条款''
"GET /preview/ HTTP/1.1" 500 192910
"GET / HTTP/1.1" 200 19837
"GET /api/user/profile/ HTTP/1.1" 200 388
Internal Server Error: /preview/
Traceback (most recent call last):
  File "/home/jxh/.local/lib/python3.10/site-packages/django/core/handlers/exception.py", line 55, in inner
    response = get_response(request)
  File "/home/jxh/.local/lib/python3.10/site-packages/django/core/handlers/base.py", line 197, in _get_response
    response = wrapped_callback(request, *callback_args, **callback_kwargs)
  File "/home/jxh/GraduateProject/mysite/myapp/fronthandler.py", line 14, in preview
    return render(request, 'myapp/preview.html')
  File "/home/jxh/.local/lib/python3.10/site-packages/django/shortcuts.py", line 25, in render
    content = loader.render_to_string(template_name, context, request, using=using)
  File "/home/jxh/.local/lib/python3.10/site-packages/django/template/loader.py", line 61, in render_to_string
    template = get_template(template_name, using=using)
  File "/home/jxh/.local/lib/python3.10/site-packages/django/template/loader.py", line 15, in get_template
    return engine.get_template(template_name)
  File "/home/jxh/.local/lib/python3.10/site-packages/django/template/backends/django.py", line 79, in get_template
    return Template(self.engine.get_template(template_name), self)
  File "/home/jxh/.local/lib/python3.10/site-packages/django/template/engine.py", line 177, in get_template
    template, origin = self.find_template(template_name)
  File "/home/jxh/.local/lib/python3.10/site-packages/django/template/engine.py", line 159, in find_template
    template = loader.get_template(name, skip=skip)
  File "/home/jxh/.local/lib/python3.10/site-packages/django/template/loaders/cached.py", line 57, in get_template
    template = super().get_template(template_name, skip)
  File "/home/jxh/.local/lib/python3.10/site-packages/django/template/loaders/base.py", line 28, in get_template
    return Template(
  File "/home/jxh/.local/lib/python3.10/site-packages/django/template/base.py", line 154, in __init__
    self.nodelist = self.compile_nodelist()
  File "/home/jxh/.local/lib/python3.10/site-packages/django/template/base.py", line 196, in compile_nodelist
    nodelist = parser.parse()
  File "/home/jxh/.local/lib/python3.10/site-packages/django/template/base.py", line 518, in parse
    raise self.error(token, e)
  File "/home/jxh/.local/lib/python3.10/site-packages/django/template/base.py", line 516, in parse
    compiled_result = compile_func(self, token)
  File "/home/jxh/.local/lib/python3.10/site-packages/django/template/loader_tags.py", line 295, in do_extends
    nodelist = parser.parse()
  File "/home/jxh/.local/lib/python3.10/site-packages/django/template/base.py", line 518, in parse
    raise self.error(token, e)
  File "/home/jxh/.local/lib/python3.10/site-packages/django/template/base.py", line 516, in parse
    compiled_result = compile_func(self, token)
  File "/home/jxh/.local/lib/python3.10/site-packages/django/template/loader_tags.py", line 234, in do_block
    nodelist = parser.parse(("endblock",))
  File "/home/jxh/.local/lib/python3.10/site-packages/django/template/base.py", line 489, in parse
    raise self.error(token, e)
  File "/home/jxh/.local/lib/python3.10/site-packages/django/template/base.py", line 487, in parse
    filter_expression = self.compile_filter(token.contents)
  File "/home/jxh/.local/lib/python3.10/site-packages/django/template/base.py", line 605, in compile_filter
    return FilterExpression(token, self)
  File "/home/jxh/.local/lib/python3.10/site-packages/django/template/base.py", line 706, in __init__
    raise TemplateSyntaxError(
django.template.exceptions.TemplateSyntaxError: Could not parse the remainder: ' ? '生成中...' : '生成补充条款'' from 'generatingClause ? '生成中...' : '生成补充条款''
"GET /preview/ HTTP/1.1" 500 192765
"GET / HTTP/1.1" 200 19837
"GET /api/user/profile/ HTTP/1.1" 200 388
Internal Server Error: /preview/
Traceback (most recent call last):
  File "/home/jxh/.local/lib/python3.10/site-packages/django/core/handlers/exception.py", line 55, in inner
    response = get_response(request)
  File "/home/jxh/.local/lib/python3.10/site-packages/django/core/handlers/base.py", line 197, in _get_response
    response = wrapped_callback(request, *callback_args, **callback_kwargs)
  File "/home/jxh/GraduateProject/mysite/myapp/fronthandler.py", line 14, in preview
    return render(request, 'myapp/preview.html')
  File "/home/jxh/.local/lib/python3.10/site-packages/django/shortcuts.py", line 25, in render
    content = loader.render_to_string(template_name, context, request, using=using)
  File "/home/jxh/.local/lib/python3.10/site-packages/django/template/loader.py", line 61, in render_to_string
    template = get_template(template_name, using=using)
  File "/home/jxh/.local/lib/python3.10/site-packages/django/template/loader.py", line 15, in get_template
    return engine.get_template(template_name)
  File "/home/jxh/.local/lib/python3.10/site-packages/django/template/backends/django.py", line 79, in get_template
    return Template(self.engine.get_template(template_name), self)
  File "/home/jxh/.local/lib/python3.10/site-packages/django/template/engine.py", line 177, in get_template
    template, origin = self.find_template(template_name)
  File "/home/jxh/.local/lib/python3.10/site-packages/django/template/engine.py", line 159, in find_template
    template = loader.get_template(name, skip=skip)
  File "/home/jxh/.local/lib/python3.10/site-packages/django/template/loaders/cached.py", line 57, in get_template
    template = super().get_template(template_name, skip)
  File "/home/jxh/.local/lib/python3.10/site-packages/django/template/loaders/base.py", line 28, in get_template
    return Template(
  File "/home/jxh/.local/lib/python3.10/site-packages/django/template/base.py", line 154, in __init__
    self.nodelist = self.compile_nodelist()
  File "/home/jxh/.local/lib/python3.10/site-packages/django/template/base.py", line 196, in compile_nodelist
    nodelist = parser.parse()
  File "/home/jxh/.local/lib/python3.10/site-packages/django/template/base.py", line 518, in parse
    raise self.error(token, e)
  File "/home/jxh/.local/lib/python3.10/site-packages/django/template/base.py", line 516, in parse
    compiled_result = compile_func(self, token)
  File "/home/jxh/.local/lib/python3.10/site-packages/django/template/loader_tags.py", line 295, in do_extends
    nodelist = parser.parse()
  File "/home/jxh/.local/lib/python3.10/site-packages/django/template/base.py", line 518, in parse
    raise self.error(token, e)
  File "/home/jxh/.local/lib/python3.10/site-packages/django/template/base.py", line 516, in parse
    compiled_result = compile_func(self, token)
  File "/home/jxh/.local/lib/python3.10/site-packages/django/template/loader_tags.py", line 234, in do_block
    nodelist = parser.parse(("endblock",))
  File "/home/jxh/.local/lib/python3.10/site-packages/django/template/base.py", line 489, in parse
    raise self.error(token, e)
  File "/home/jxh/.local/lib/python3.10/site-packages/django/template/base.py", line 487, in parse
    filter_expression = self.compile_filter(token.contents)
  File "/home/jxh/.local/lib/python3.10/site-packages/django/template/base.py", line 605, in compile_filter
    return FilterExpression(token, self)
  File "/home/jxh/.local/lib/python3.10/site-packages/django/template/base.py", line 706, in __init__
    raise TemplateSyntaxError(
django.template.exceptions.TemplateSyntaxError: Could not parse the remainder: ' ? '生成中...' : '生成补充条款'' from 'generatingClause ? '生成中...' : '生成补充条款''
"GET /preview/ HTTP/1.1" 500 192765
"GET / HTTP/1.1" 200 19837
"GET /api/user/profile/ HTTP/1.1" 200 388
"GET /create/ HTTP/1.1" 200 27715
"GET /api/user/profile/ HTTP/1.1" 200 388
Internal Server Error: /preview/
Traceback (most recent call last):
  File "/home/jxh/.local/lib/python3.10/site-packages/django/core/handlers/exception.py", line 55, in inner
    response = get_response(request)
  File "/home/jxh/.local/lib/python3.10/site-packages/django/core/handlers/base.py", line 197, in _get_response
    response = wrapped_callback(request, *callback_args, **callback_kwargs)
  File "/home/jxh/GraduateProject/mysite/myapp/fronthandler.py", line 14, in preview
    return render(request, 'myapp/preview.html')
  File "/home/jxh/.local/lib/python3.10/site-packages/django/shortcuts.py", line 25, in render
    content = loader.render_to_string(template_name, context, request, using=using)
  File "/home/jxh/.local/lib/python3.10/site-packages/django/template/loader.py", line 61, in render_to_string
    template = get_template(template_name, using=using)
  File "/home/jxh/.local/lib/python3.10/site-packages/django/template/loader.py", line 15, in get_template
    return engine.get_template(template_name)
  File "/home/jxh/.local/lib/python3.10/site-packages/django/template/backends/django.py", line 79, in get_template
    return Template(self.engine.get_template(template_name), self)
  File "/home/jxh/.local/lib/python3.10/site-packages/django/template/engine.py", line 177, in get_template
    template, origin = self.find_template(template_name)
  File "/home/jxh/.local/lib/python3.10/site-packages/django/template/engine.py", line 159, in find_template
    template = loader.get_template(name, skip=skip)
  File "/home/jxh/.local/lib/python3.10/site-packages/django/template/loaders/cached.py", line 57, in get_template
    template = super().get_template(template_name, skip)
  File "/home/jxh/.local/lib/python3.10/site-packages/django/template/loaders/base.py", line 28, in get_template
    return Template(
  File "/home/jxh/.local/lib/python3.10/site-packages/django/template/base.py", line 154, in __init__
    self.nodelist = self.compile_nodelist()
  File "/home/jxh/.local/lib/python3.10/site-packages/django/template/base.py", line 196, in compile_nodelist
    nodelist = parser.parse()
  File "/home/jxh/.local/lib/python3.10/site-packages/django/template/base.py", line 518, in parse
    raise self.error(token, e)
  File "/home/jxh/.local/lib/python3.10/site-packages/django/template/base.py", line 516, in parse
    compiled_result = compile_func(self, token)
  File "/home/jxh/.local/lib/python3.10/site-packages/django/template/loader_tags.py", line 295, in do_extends
    nodelist = parser.parse()
  File "/home/jxh/.local/lib/python3.10/site-packages/django/template/base.py", line 518, in parse
    raise self.error(token, e)
  File "/home/jxh/.local/lib/python3.10/site-packages/django/template/base.py", line 516, in parse
    compiled_result = compile_func(self, token)
  File "/home/jxh/.local/lib/python3.10/site-packages/django/template/loader_tags.py", line 234, in do_block
    nodelist = parser.parse(("endblock",))
  File "/home/jxh/.local/lib/python3.10/site-packages/django/template/base.py", line 489, in parse
    raise self.error(token, e)
  File "/home/jxh/.local/lib/python3.10/site-packages/django/template/base.py", line 487, in parse
    filter_expression = self.compile_filter(token.contents)
  File "/home/jxh/.local/lib/python3.10/site-packages/django/template/base.py", line 605, in compile_filter
    return FilterExpression(token, self)
  File "/home/jxh/.local/lib/python3.10/site-packages/django/template/base.py", line 706, in __init__
    raise TemplateSyntaxError(
django.template.exceptions.TemplateSyntaxError: Could not parse the remainder: ' ? '生成中...' : '生成补充条款'' from 'generatingClause ? '生成中...' : '生成补充条款''
"GET /preview/ HTTP/1.1" 500 192772
Internal Server Error: /preview/
Traceback (most recent call last):
  File "/home/jxh/.local/lib/python3.10/site-packages/django/core/handlers/exception.py", line 55, in inner
    response = get_response(request)
  File "/home/jxh/.local/lib/python3.10/site-packages/django/core/handlers/base.py", line 197, in _get_response
    response = wrapped_callback(request, *callback_args, **callback_kwargs)
  File "/home/jxh/GraduateProject/mysite/myapp/fronthandler.py", line 14, in preview
    return render(request, 'myapp/preview.html')
  File "/home/jxh/.local/lib/python3.10/site-packages/django/shortcuts.py", line 25, in render
    content = loader.render_to_string(template_name, context, request, using=using)
  File "/home/jxh/.local/lib/python3.10/site-packages/django/template/loader.py", line 61, in render_to_string
    template = get_template(template_name, using=using)
  File "/home/jxh/.local/lib/python3.10/site-packages/django/template/loader.py", line 15, in get_template
    return engine.get_template(template_name)
  File "/home/jxh/.local/lib/python3.10/site-packages/django/template/backends/django.py", line 79, in get_template
    return Template(self.engine.get_template(template_name), self)
  File "/home/jxh/.local/lib/python3.10/site-packages/django/template/engine.py", line 177, in get_template
    template, origin = self.find_template(template_name)
  File "/home/jxh/.local/lib/python3.10/site-packages/django/template/engine.py", line 159, in find_template
    template = loader.get_template(name, skip=skip)
  File "/home/jxh/.local/lib/python3.10/site-packages/django/template/loaders/cached.py", line 57, in get_template
    template = super().get_template(template_name, skip)
  File "/home/jxh/.local/lib/python3.10/site-packages/django/template/loaders/base.py", line 28, in get_template
    return Template(
  File "/home/jxh/.local/lib/python3.10/site-packages/django/template/base.py", line 154, in __init__
    self.nodelist = self.compile_nodelist()
  File "/home/jxh/.local/lib/python3.10/site-packages/django/template/base.py", line 196, in compile_nodelist
    nodelist = parser.parse()
  File "/home/jxh/.local/lib/python3.10/site-packages/django/template/base.py", line 518, in parse
    raise self.error(token, e)
  File "/home/jxh/.local/lib/python3.10/site-packages/django/template/base.py", line 516, in parse
    compiled_result = compile_func(self, token)
  File "/home/jxh/.local/lib/python3.10/site-packages/django/template/loader_tags.py", line 295, in do_extends
    nodelist = parser.parse()
  File "/home/jxh/.local/lib/python3.10/site-packages/django/template/base.py", line 518, in parse
    raise self.error(token, e)
  File "/home/jxh/.local/lib/python3.10/site-packages/django/template/base.py", line 516, in parse
    compiled_result = compile_func(self, token)
  File "/home/jxh/.local/lib/python3.10/site-packages/django/template/loader_tags.py", line 234, in do_block
    nodelist = parser.parse(("endblock",))
  File "/home/jxh/.local/lib/python3.10/site-packages/django/template/base.py", line 489, in parse
    raise self.error(token, e)
  File "/home/jxh/.local/lib/python3.10/site-packages/django/template/base.py", line 487, in parse
    filter_expression = self.compile_filter(token.contents)
  File "/home/jxh/.local/lib/python3.10/site-packages/django/template/base.py", line 605, in compile_filter
    return FilterExpression(token, self)
  File "/home/jxh/.local/lib/python3.10/site-packages/django/template/base.py", line 706, in __init__
    raise TemplateSyntaxError(
django.template.exceptions.TemplateSyntaxError: Could not parse the remainder: ' ? '生成中...' : '生成补充条款'' from 'generatingClause ? '生成中...' : '生成补充条款''
"GET /preview/ HTTP/1.1" 500 193282
"GET / HTTP/1.1" 200 19837
"GET /api/user/profile/ HTTP/1.1" 200 388
Internal Server Error: /preview/
Traceback (most recent call last):
  File "/home/jxh/.local/lib/python3.10/site-packages/django/core/handlers/exception.py", line 55, in inner
    response = get_response(request)
  File "/home/jxh/.local/lib/python3.10/site-packages/django/core/handlers/base.py", line 197, in _get_response
    response = wrapped_callback(request, *callback_args, **callback_kwargs)
  File "/home/jxh/GraduateProject/mysite/myapp/fronthandler.py", line 14, in preview
    return render(request, 'myapp/preview.html')
  File "/home/jxh/.local/lib/python3.10/site-packages/django/shortcuts.py", line 25, in render
    content = loader.render_to_string(template_name, context, request, using=using)
  File "/home/jxh/.local/lib/python3.10/site-packages/django/template/loader.py", line 61, in render_to_string
    template = get_template(template_name, using=using)
  File "/home/jxh/.local/lib/python3.10/site-packages/django/template/loader.py", line 15, in get_template
    return engine.get_template(template_name)
  File "/home/jxh/.local/lib/python3.10/site-packages/django/template/backends/django.py", line 79, in get_template
    return Template(self.engine.get_template(template_name), self)
  File "/home/jxh/.local/lib/python3.10/site-packages/django/template/engine.py", line 177, in get_template
    template, origin = self.find_template(template_name)
  File "/home/jxh/.local/lib/python3.10/site-packages/django/template/engine.py", line 159, in find_template
    template = loader.get_template(name, skip=skip)
  File "/home/jxh/.local/lib/python3.10/site-packages/django/template/loaders/cached.py", line 57, in get_template
    template = super().get_template(template_name, skip)
  File "/home/jxh/.local/lib/python3.10/site-packages/django/template/loaders/base.py", line 28, in get_template
    return Template(
  File "/home/jxh/.local/lib/python3.10/site-packages/django/template/base.py", line 154, in __init__
    self.nodelist = self.compile_nodelist()
  File "/home/jxh/.local/lib/python3.10/site-packages/django/template/base.py", line 196, in compile_nodelist
    nodelist = parser.parse()
  File "/home/jxh/.local/lib/python3.10/site-packages/django/template/base.py", line 518, in parse
    raise self.error(token, e)
  File "/home/jxh/.local/lib/python3.10/site-packages/django/template/base.py", line 516, in parse
    compiled_result = compile_func(self, token)
  File "/home/jxh/.local/lib/python3.10/site-packages/django/template/loader_tags.py", line 295, in do_extends
    nodelist = parser.parse()
  File "/home/jxh/.local/lib/python3.10/site-packages/django/template/base.py", line 518, in parse
    raise self.error(token, e)
  File "/home/jxh/.local/lib/python3.10/site-packages/django/template/base.py", line 516, in parse
    compiled_result = compile_func(self, token)
  File "/home/jxh/.local/lib/python3.10/site-packages/django/template/loader_tags.py", line 234, in do_block
    nodelist = parser.parse(("endblock",))
  File "/home/jxh/.local/lib/python3.10/site-packages/django/template/base.py", line 489, in parse
    raise self.error(token, e)
  File "/home/jxh/.local/lib/python3.10/site-packages/django/template/base.py", line 487, in parse
    filter_expression = self.compile_filter(token.contents)
  File "/home/jxh/.local/lib/python3.10/site-packages/django/template/base.py", line 605, in compile_filter
    return FilterExpression(token, self)
  File "/home/jxh/.local/lib/python3.10/site-packages/django/template/base.py", line 706, in __init__
    raise TemplateSyntaxError(
django.template.exceptions.TemplateSyntaxError: Could not parse the remainder: ' ? '生成中...' : '生成补充条款'' from 'generatingClause ? '生成中...' : '生成补充条款''
"GET /preview/ HTTP/1.1" 500 193138
Watching for file changes with StatReloader
Internal Server Error: /preview/
Traceback (most recent call last):
  File "/home/jxh/.local/lib/python3.10/site-packages/django/core/handlers/exception.py", line 55, in inner
    response = get_response(request)
  File "/home/jxh/.local/lib/python3.10/site-packages/django/core/handlers/base.py", line 197, in _get_response
    response = wrapped_callback(request, *callback_args, **callback_kwargs)
  File "/home/jxh/GraduateProject/mysite/myapp/fronthandler.py", line 14, in preview
    return render(request, 'myapp/preview.html')
  File "/home/jxh/.local/lib/python3.10/site-packages/django/shortcuts.py", line 25, in render
    content = loader.render_to_string(template_name, context, request, using=using)
  File "/home/jxh/.local/lib/python3.10/site-packages/django/template/loader.py", line 61, in render_to_string
    template = get_template(template_name, using=using)
  File "/home/jxh/.local/lib/python3.10/site-packages/django/template/loader.py", line 15, in get_template
    return engine.get_template(template_name)
  File "/home/jxh/.local/lib/python3.10/site-packages/django/template/backends/django.py", line 79, in get_template
    return Template(self.engine.get_template(template_name), self)
  File "/home/jxh/.local/lib/python3.10/site-packages/django/template/engine.py", line 177, in get_template
    template, origin = self.find_template(template_name)
  File "/home/jxh/.local/lib/python3.10/site-packages/django/template/engine.py", line 159, in find_template
    template = loader.get_template(name, skip=skip)
  File "/home/jxh/.local/lib/python3.10/site-packages/django/template/loaders/cached.py", line 57, in get_template
    template = super().get_template(template_name, skip)
  File "/home/jxh/.local/lib/python3.10/site-packages/django/template/loaders/base.py", line 28, in get_template
    return Template(
  File "/home/jxh/.local/lib/python3.10/site-packages/django/template/base.py", line 154, in __init__
    self.nodelist = self.compile_nodelist()
  File "/home/jxh/.local/lib/python3.10/site-packages/django/template/base.py", line 196, in compile_nodelist
    nodelist = parser.parse()
  File "/home/jxh/.local/lib/python3.10/site-packages/django/template/base.py", line 518, in parse
    raise self.error(token, e)
  File "/home/jxh/.local/lib/python3.10/site-packages/django/template/base.py", line 516, in parse
    compiled_result = compile_func(self, token)
  File "/home/jxh/.local/lib/python3.10/site-packages/django/template/loader_tags.py", line 295, in do_extends
    nodelist = parser.parse()
  File "/home/jxh/.local/lib/python3.10/site-packages/django/template/base.py", line 518, in parse
    raise self.error(token, e)
  File "/home/jxh/.local/lib/python3.10/site-packages/django/template/base.py", line 516, in parse
    compiled_result = compile_func(self, token)
  File "/home/jxh/.local/lib/python3.10/site-packages/django/template/loader_tags.py", line 234, in do_block
    nodelist = parser.parse(("endblock",))
  File "/home/jxh/.local/lib/python3.10/site-packages/django/template/base.py", line 489, in parse
    raise self.error(token, e)
  File "/home/jxh/.local/lib/python3.10/site-packages/django/template/base.py", line 487, in parse
    filter_expression = self.compile_filter(token.contents)
  File "/home/jxh/.local/lib/python3.10/site-packages/django/template/base.py", line 605, in compile_filter
    return FilterExpression(token, self)
  File "/home/jxh/.local/lib/python3.10/site-packages/django/template/base.py", line 706, in __init__
    raise TemplateSyntaxError(
django.template.exceptions.TemplateSyntaxError: Could not parse the remainder: ' ? '生成中...' : '生成补充条款'' from 'generatingClause ? '生成中...' : '生成补充条款''
"GET /preview/ HTTP/1.1" 500 193275
"GET / HTTP/1.1" 200 19837
"GET /api/user/profile/ HTTP/1.1" 200 388
"GET /profile/ HTTP/1.1" 200 21444
"GET /api/user/profile/ HTTP/1.1" 200 388
"GET /api/user/profile/ HTTP/1.1" 200 388
"GET /history/ HTTP/1.1" 200 22603
"GET /api/user/profile/ HTTP/1.1" 200 388
"GET /api/contract/ HTTP/1.1" 200 1462
"GET /check/ HTTP/1.1" 200 23796
"GET /api/user/profile/ HTTP/1.1" 200 388
"GET /create/ HTTP/1.1" 200 27715
"GET /api/user/profile/ HTTP/1.1" 200 388
"GET /check/ HTTP/1.1" 200 23796
"GET /api/user/profile/ HTTP/1.1" 200 388
Internal Server Error: /preview/
Traceback (most recent call last):
  File "/home/jxh/.local/lib/python3.10/site-packages/django/core/handlers/exception.py", line 55, in inner
    response = get_response(request)
  File "/home/jxh/.local/lib/python3.10/site-packages/django/core/handlers/base.py", line 197, in _get_response
    response = wrapped_callback(request, *callback_args, **callback_kwargs)
  File "/home/jxh/GraduateProject/mysite/myapp/fronthandler.py", line 14, in preview
    return render(request, 'myapp/preview.html')
  File "/home/jxh/.local/lib/python3.10/site-packages/django/shortcuts.py", line 25, in render
    content = loader.render_to_string(template_name, context, request, using=using)
  File "/home/jxh/.local/lib/python3.10/site-packages/django/template/loader.py", line 61, in render_to_string
    template = get_template(template_name, using=using)
  File "/home/jxh/.local/lib/python3.10/site-packages/django/template/loader.py", line 15, in get_template
    return engine.get_template(template_name)
  File "/home/jxh/.local/lib/python3.10/site-packages/django/template/backends/django.py", line 79, in get_template
    return Template(self.engine.get_template(template_name), self)
  File "/home/jxh/.local/lib/python3.10/site-packages/django/template/engine.py", line 177, in get_template
    template, origin = self.find_template(template_name)
  File "/home/jxh/.local/lib/python3.10/site-packages/django/template/engine.py", line 159, in find_template
    template = loader.get_template(name, skip=skip)
  File "/home/jxh/.local/lib/python3.10/site-packages/django/template/loaders/cached.py", line 57, in get_template
    template = super().get_template(template_name, skip)
  File "/home/jxh/.local/lib/python3.10/site-packages/django/template/loaders/base.py", line 28, in get_template
    return Template(
  File "/home/jxh/.local/lib/python3.10/site-packages/django/template/base.py", line 154, in __init__
    self.nodelist = self.compile_nodelist()
  File "/home/jxh/.local/lib/python3.10/site-packages/django/template/base.py", line 196, in compile_nodelist
    nodelist = parser.parse()
  File "/home/jxh/.local/lib/python3.10/site-packages/django/template/base.py", line 518, in parse
    raise self.error(token, e)
  File "/home/jxh/.local/lib/python3.10/site-packages/django/template/base.py", line 516, in parse
    compiled_result = compile_func(self, token)
  File "/home/jxh/.local/lib/python3.10/site-packages/django/template/loader_tags.py", line 295, in do_extends
    nodelist = parser.parse()
  File "/home/jxh/.local/lib/python3.10/site-packages/django/template/base.py", line 518, in parse
    raise self.error(token, e)
  File "/home/jxh/.local/lib/python3.10/site-packages/django/template/base.py", line 516, in parse
    compiled_result = compile_func(self, token)
  File "/home/jxh/.local/lib/python3.10/site-packages/django/template/loader_tags.py", line 234, in do_block
    nodelist = parser.parse(("endblock",))
  File "/home/jxh/.local/lib/python3.10/site-packages/django/template/base.py", line 489, in parse
    raise self.error(token, e)
  File "/home/jxh/.local/lib/python3.10/site-packages/django/template/base.py", line 487, in parse
    filter_expression = self.compile_filter(token.contents)
  File "/home/jxh/.local/lib/python3.10/site-packages/django/template/base.py", line 605, in compile_filter
    return FilterExpression(token, self)
  File "/home/jxh/.local/lib/python3.10/site-packages/django/template/base.py", line 706, in __init__
    raise TemplateSyntaxError(
django.template.exceptions.TemplateSyntaxError: Could not parse the remainder: ' ? '生成中...' : '生成补充条款'' from 'generatingClause ? '生成中...' : '生成补充条款''
"GET /preview/ HTTP/1.1" 500 193144
"GET /preview/ HTTP/1.1" 200 35830
"GET /api/user/profile/ HTTP/1.1" 200 388
"GET /create/ HTTP/1.1" 200 27715
"GET /api/user/profile/ HTTP/1.1" 200 388
"GET /preview/ HTTP/1.1" 200 35830
"GET /api/user/profile/ HTTP/1.1" 200 388
"GET /preview/ HTTP/1.1" 200 35830
"GET /api/user/profile/ HTTP/1.1" 200 388
"GET /create/ HTTP/1.1" 200 27802
"GET /api/user/profile/ HTTP/1.1" 200 388
"GET /preview/ HTTP/1.1" 200 35830
"GET /api/user/profile/ HTTP/1.1" 200 388
"GET /create/ HTTP/1.1" 200 27802
"GET /api/user/profile/ HTTP/1.1" 200 388
"GET /preview/ HTTP/1.1" 200 35830
"GET /api/user/profile/ HTTP/1.1" 200 388
Method Not Allowed (POST): /api/contract/
Method Not Allowed: /api/contract/
"POST /api/contract/ HTTP/1.1" 405 0
"GET /create/ HTTP/1.1" 200 27802
"GET /api/user/profile/ HTTP/1.1" 200 388
"GET /preview/ HTTP/1.1" 200 35830
"GET /api/user/profile/ HTTP/1.1" 200 388
"GET /preview/ HTTP/1.1" 200 35830
"GET /api/user/profile/ HTTP/1.1" 200 388
"GET /create/ HTTP/1.1" 200 44115
"GET /api/user/profile/ HTTP/1.1" 200 388
"GET /check/ HTTP/1.1" 200 23796
"GET /api/user/profile/ HTTP/1.1" 200 388
"GET /preview/ HTTP/1.1" 200 35830
"GET /api/user/profile/ HTTP/1.1" 200 388
/home/jxh/GraduateProject/mysite/myapp/fronthandler.py changed, reloading.
/home/jxh/GraduateProject/mysite/myapp/fronthandler.py changed, reloading.
/home/jxh/GraduateProject/mysite/myapp/fronthandler.py changed, reloading.
/home/jxh/GraduateProject/mysite/myapp/fronthandler.py changed, reloading.
/home/jxh/GraduateProject/mysite/myapp/fronthandler.py changed, reloading.
Watching for file changes with StatReloader
Watching for file changes with StatReloader
Watching for file changes with StatReloader
Watching for file changes with StatReloader
Watching for file changes with StatReloader
/home/jxh/GraduateProject/mysite/mysite/urls.py changed, reloading.
/home/jxh/GraduateProject/mysite/mysite/urls.py changed, reloading.
/home/jxh/GraduateProject/mysite/mysite/urls.py changed, reloading.
Watching for file changes with StatReloader
/home/jxh/GraduateProject/mysite/mysite/urls.py changed, reloading.
/home/jxh/GraduateProject/mysite/mysite/urls.py changed, reloading.
Watching for file changes with StatReloader
Watching for file changes with StatReloader
Watching for file changes with StatReloader
Watching for file changes with StatReloader
/home/jxh/GraduateProject/mysite/mysite/urls.py changed, reloading.
/home/jxh/GraduateProject/mysite/mysite/urls.py changed, reloading.
/home/jxh/GraduateProject/mysite/mysite/urls.py changed, reloading.
Watching for file changes with StatReloader
/home/jxh/GraduateProject/mysite/mysite/urls.py changed, reloading.
/home/jxh/GraduateProject/mysite/mysite/urls.py changed, reloading.
Watching for file changes with StatReloader
Watching for file changes with StatReloader
Watching for file changes with StatReloader
Watching for file changes with StatReloader
Not Found: /preview/
"GET /preview/ HTTP/1.1" 404 4268
"GET / HTTP/1.1" 200 19837
"GET /api/user/profile/ HTTP/1.1" 200 388
Not Found: /preview/
"GET /preview/ HTTP/1.1" 404 4268
Not Found: /preview/
"GET /preview/ HTTP/1.1" 404 4268
"GET / HTTP/1.1" 200 19790
"GET /api/user/profile/ HTTP/1.1" 200 388
"GET /profile/ HTTP/1.1" 200 21397
"GET /api/user/profile/ HTTP/1.1" 200 388
"GET /api/user/profile/ HTTP/1.1" 200 388
"GET /check/ HTTP/1.1" 200 23749
"GET /api/user/profile/ HTTP/1.1" 200 388
"GET /history/ HTTP/1.1" 200 22556
"GET /api/user/profile/ HTTP/1.1" 200 388
"GET /api/contract/ HTTP/1.1" 200 1462
"GET /create/ HTTP/1.1" 200 44135
"GET /api/user/profile/ HTTP/1.1" 200 388
"POST /generate/generate/ HTTP/1.1" 200 1050
"POST /generate/generate/ HTTP/1.1" 200 1122
Method Not Allowed (POST): /api/contract/
Method Not Allowed: /api/contract/
"POST /api/contract/ HTTP/1.1" 405 0
Method Not Allowed (POST): /api/contract/
Method Not Allowed: /api/contract/
"POST /api/contract/ HTTP/1.1" 405 0
Method Not Allowed (POST): /api/contract/
Method Not Allowed: /api/contract/
"POST /api/contract/ HTTP/1.1" 405 0
Method Not Allowed (POST): /api/contract/
Method Not Allowed: /api/contract/
"POST /api/contract/ HTTP/1.1" 405 0
Method Not Allowed (POST): /api/contract/
Method Not Allowed: /api/contract/
"POST /api/contract/ HTTP/1.1" 405 0
Method Not Allowed (POST): /api/contract/
Method Not Allowed: /api/contract/
"POST /api/contract/ HTTP/1.1" 405 0
/home/jxh/GraduateProject/mysite/mysite/urls.py changed, reloading.
/home/jxh/GraduateProject/mysite/mysite/urls.py changed, reloading.
/home/jxh/GraduateProject/mysite/mysite/urls.py changed, reloading.
/home/jxh/GraduateProject/mysite/mysite/urls.py changed, reloading.
/home/jxh/GraduateProject/mysite/mysite/urls.py changed, reloading.
Watching for file changes with StatReloader
Watching for file changes with StatReloader
Watching for file changes with StatReloader
Watching for file changes with StatReloader
Watching for file changes with StatReloader
/home/jxh/GraduateProject/mysite/mysite/urls.py changed, reloading.
/home/jxh/GraduateProject/mysite/mysite/urls.py changed, reloading.
/home/jxh/GraduateProject/mysite/mysite/urls.py changed, reloading.
/home/jxh/GraduateProject/mysite/mysite/urls.py changed, reloading.
/home/jxh/GraduateProject/mysite/mysite/urls.py changed, reloading.
Watching for file changes with StatReloader
Watching for file changes with StatReloader
Watching for file changes with StatReloader
Watching for file changes with StatReloader
Watching for file changes with StatReloader
"GET /check/ HTTP/1.1" 200 23749
"GET /api/user/profile/ HTTP/1.1" 200 388
"GET /history/ HTTP/1.1" 200 22556
Not Found: /api/contract/
"GET /api/contract/ HTTP/1.1" 404 3973
"GET /api/user/profile/ HTTP/1.1" 200 388
Not Found: /preview/
"GET /preview/?contract_id=3 HTTP/1.1" 404 3972
"GET /profile/ HTTP/1.1" 200 21397
"GET /api/user/profile/ HTTP/1.1" 200 388
"GET /api/user/profile/ HTTP/1.1" 200 388
"GET /history/ HTTP/1.1" 200 22556
Not Found: /api/contract/
"GET /api/contract/ HTTP/1.1" 404 3973
"GET /api/user/profile/ HTTP/1.1" 200 388
"GET /check/ HTTP/1.1" 200 23749
"GET /api/user/profile/ HTTP/1.1" 200 388
"GET /history/ HTTP/1.1" 200 22556
Not Found: /api/contract/
"GET /api/contract/ HTTP/1.1" 404 3973
"GET /api/user/profile/ HTTP/1.1" 200 388
"GET /create/ HTTP/1.1" 200 47880
"GET /api/user/profile/ HTTP/1.1" 200 388
"GET /history/ HTTP/1.1" 200 22556
Not Found: /api/contract/
"GET /api/contract/ HTTP/1.1" 404 3973
"GET /api/user/profile/ HTTP/1.1" 200 388
"GET /history/ HTTP/1.1" 200 22556
Not Found: /api/contract/
"GET /api/contract/ HTTP/1.1" 404 3973
"GET /api/user/profile/ HTTP/1.1" 200 388
"GET /create/ HTTP/1.1" 200 47880
"GET /api/user/profile/ HTTP/1.1" 200 388
"GET /check/ HTTP/1.1" 200 23749
"GET /api/user/profile/ HTTP/1.1" 200 388
"GET /history/ HTTP/1.1" 200 22556
Not Found: /api/contract/
"GET /api/contract/ HTTP/1.1" 404 3973
"GET /api/user/profile/ HTTP/1.1" 200 388
"GET /profile/ HTTP/1.1" 200 21397
"GET /api/user/profile/ HTTP/1.1" 200 388
"GET /api/user/profile/ HTTP/1.1" 200 388
"GET /create/ HTTP/1.1" 200 47880
"GET /api/user/profile/ HTTP/1.1" 200 388
"GET /check/ HTTP/1.1" 200 23749
"GET /api/user/profile/ HTTP/1.1" 200 388
Bad Request: /check/check/
"POST /check/check/ HTTP/1.1" 400 73
Bad Request: /check/check/
"POST /check/check/ HTTP/1.1" 400 73
"GET /create/ HTTP/1.1" 200 47880
"GET /api/user/profile/ HTTP/1.1" 200 388
"GET /check/ HTTP/1.1" 200 23749
"GET /api/user/profile/ HTTP/1.1" 200 388
"GET /create/ HTTP/1.1" 200 47880
"GET /api/user/profile/ HTTP/1.1" 200 388
"GET /check/ HTTP/1.1" 200 23749
"GET /api/user/profile/ HTTP/1.1" 200 388
"GET /history/ HTTP/1.1" 200 22556
Not Found: /api/contract/
"GET /api/contract/ HTTP/1.1" 404 3973
"GET /api/user/profile/ HTTP/1.1" 200 388
Not Found: /api/contract/1/
"DELETE /api/contract/1/ HTTP/1.1" 404 3982
"GET /profile/ HTTP/1.1" 200 21397
"GET /api/user/profile/ HTTP/1.1" 200 388
"GET /api/user/profile/ HTTP/1.1" 200 388
"GET /create/ HTTP/1.1" 200 48992
"GET /api/user/profile/ HTTP/1.1" 200 388
"GET /create/ HTTP/1.1" 200 50227
"GET /api/user/profile/ HTTP/1.1" 200 388
Not Found: /852fba38-e64f-4dcb-a915-3ca38ccdef07
"GET /852fba38-e64f-4dcb-a915-3ca38ccdef07 HTTP/1.1" 404 4042
"GET /create/ HTTP/1.1" 200 49869
"GET /api/user/profile/ HTTP/1.1" 200 388
/home/jxh/GraduateProject/mysite/myapp/views/generate/index.py changed, reloading.
/home/jxh/GraduateProject/mysite/myapp/views/generate/index.py changed, reloading.
/home/jxh/GraduateProject/mysite/myapp/views/generate/index.py changed, reloading.
/home/jxh/GraduateProject/mysite/myapp/views/generate/index.py changed, reloading.
/home/jxh/GraduateProject/mysite/myapp/views/generate/index.py changed, reloading.
Watching for file changes with StatReloader
Watching for file changes with StatReloader
Watching for file changes with StatReloader
Watching for file changes with StatReloader
Watching for file changes with StatReloader
/home/jxh/GraduateProject/mysite/myapp/views/generate/index.py changed, reloading.
/home/jxh/GraduateProject/mysite/myapp/views/generate/index.py changed, reloading.
/home/jxh/GraduateProject/mysite/myapp/views/generate/index.py changed, reloading.
/home/jxh/GraduateProject/mysite/myapp/views/generate/index.py changed, reloading.
/home/jxh/GraduateProject/mysite/myapp/views/generate/index.py changed, reloading.
Watching for file changes with StatReloader
Watching for file changes with StatReloader
Watching for file changes with StatReloader
Watching for file changes with StatReloader
Watching for file changes with StatReloader
/home/jxh/GraduateProject/mysite/myapp/views/generate/index.py changed, reloading.
/home/jxh/GraduateProject/mysite/myapp/views/generate/index.py changed, reloading.
/home/jxh/GraduateProject/mysite/myapp/views/generate/index.py changed, reloading.
/home/jxh/GraduateProject/mysite/myapp/views/generate/index.py changed, reloading.
/home/jxh/GraduateProject/mysite/myapp/views/generate/index.py changed, reloading.
Watching for file changes with StatReloader
Watching for file changes with StatReloader
Watching for file changes with StatReloader
Watching for file changes with StatReloader
Watching for file changes with StatReloader
/home/jxh/GraduateProject/mysite/myapp/views/generate/index.py changed, reloading.
/home/jxh/GraduateProject/mysite/myapp/views/generate/index.py changed, reloading.
/home/jxh/GraduateProject/mysite/myapp/views/generate/index.py changed, reloading.
/home/jxh/GraduateProject/mysite/myapp/views/generate/index.py changed, reloading.
/home/jxh/GraduateProject/mysite/myapp/views/generate/index.py changed, reloading.
Watching for file changes with StatReloader
Watching for file changes with StatReloader
Watching for file changes with StatReloader
Watching for file changes with StatReloader
Watching for file changes with StatReloader
"GET /check/ HTTP/1.1" 200 23749
"GET /api/user/profile/ HTTP/1.1" 200 388
Bad Request: /check/check/
"POST /check/check/ HTTP/1.1" 400 73
/home/jxh/GraduateProject/mysite/myapp/fronthandler.py changed, reloading.
/home/jxh/GraduateProject/mysite/myapp/fronthandler.py changed, reloading.
/home/jxh/GraduateProject/mysite/myapp/fronthandler.py changed, reloading.
/home/jxh/GraduateProject/mysite/myapp/fronthandler.py changed, reloading.
/home/jxh/GraduateProject/mysite/myapp/fronthandler.py changed, reloading.
Watching for file changes with StatReloader
Watching for file changes with StatReloader
Watching for file changes with StatReloader
Watching for file changes with StatReloader
Watching for file changes with StatReloader
/home/jxh/GraduateProject/mysite/mysite/urls.py changed, reloading.
/home/jxh/GraduateProject/mysite/mysite/urls.py changed, reloading.
/home/jxh/GraduateProject/mysite/mysite/urls.py changed, reloading.
/home/jxh/GraduateProject/mysite/mysite/urls.py changed, reloading.
/home/jxh/GraduateProject/mysite/mysite/urls.py changed, reloading.
Watching for file changes with StatReloader
Watching for file changes with StatReloader
Watching for file changes with StatReloader
Watching for file changes with StatReloader
Watching for file changes with StatReloader
Not Found: /check/
"GET /check/ HTTP/1.1" 404 4066
"GET / HTTP/1.1" 200 19790
"GET /api/user/profile/ HTTP/1.1" 200 388
"GET /profile/ HTTP/1.1" 200 21413
"GET /api/user/profile/ HTTP/1.1" 200 388
"GET /api/user/profile/ HTTP/1.1" 200 388
"GET /api/check/ HTTP/1.1" 200 23765
"GET /api/user/profile/ HTTP/1.1" 200 388
"GET / HTTP/1.1" 200 19790
"GET /api/user/profile/ HTTP/1.1" 200 388
Not Found: /preview/
"GET /preview/ HTTP/1.1" 404 3962
"GET / HTTP/1.1" 200 19581
"GET /api/user/profile/ HTTP/1.1" 200 388
"GET /api/check/ HTTP/1.1" 200 23765
"GET /api/user/profile/ HTTP/1.1" 200 388
Bad Request: /check/check/
"POST /check/check/ HTTP/1.1" 400 73
Not Found: /api/create/
"GET /api/create/ HTTP/1.1" 404 3971
"GET / HTTP/1.1" 200 19581
"GET /api/user/profile/ HTTP/1.1" 200 388
Not Found: /api/create/
"GET /api/create/ HTTP/1.1" 404 3971
/home/jxh/GraduateProject/mysite/mysite/urls.py changed, reloading.
/home/jxh/GraduateProject/mysite/mysite/urls.py changed, reloading.
/home/jxh/GraduateProject/mysite/mysite/urls.py changed, reloading.
/home/jxh/GraduateProject/mysite/mysite/urls.py changed, reloading.
/home/jxh/GraduateProject/mysite/mysite/urls.py changed, reloading.
Watching for file changes with StatReloader
Watching for file changes with StatReloader
Watching for file changes with StatReloader
Watching for file changes with StatReloader
Watching for file changes with StatReloader
"GET /api/create/ HTTP/1.1" 200 49885
"GET /api/user/profile/ HTTP/1.1" 200 388
"GET /api/check/ HTTP/1.1" 200 23772
"GET /api/user/profile/ HTTP/1.1" 200 388
"GET /api/history/ HTTP/1.1" 200 22572
Not Found: /api/contract/
"GET /api/contract/ HTTP/1.1" 404 3989
"GET /api/user/profile/ HTTP/1.1" 200 388
"GET /api/profile/ HTTP/1.1" 200 21413
"GET /api/user/profile/ HTTP/1.1" 200 388
"GET /api/user/profile/ HTTP/1.1" 200 388
"GET /api/create/ HTTP/1.1" 200 49885
"GET /api/user/profile/ HTTP/1.1" 200 388
"GET /api/check/ HTTP/1.1" 200 23772
"GET /api/user/profile/ HTTP/1.1" 200 388
"POST /check/check/ HTTP/1.1" 200 358
"GET /api/create/ HTTP/1.1" 200 49885
"GET /api/user/profile/ HTTP/1.1" 200 388
"GET /api/check/ HTTP/1.1" 200 23772
"GET /api/user/profile/ HTTP/1.1" 200 388
"POST /check/check/ HTTP/1.1" 200 6476
"GET /api/check/ HTTP/1.1" 200 24878
"GET /api/user/profile/ HTTP/1.1" 200 388
"GET /api/history/ HTTP/1.1" 200 24649
Not Found: /api/contract/
"GET /api/contract/ HTTP/1.1" 404 3989
"GET /api/user/profile/ HTTP/1.1" 200 388
"GET /api/profile/ HTTP/1.1" 200 23490
"GET /api/user/profile/ HTTP/1.1" 200 388
"GET /api/user/profile/ HTTP/1.1" 200 388
"GET /api/check/ HTTP/1.1" 200 24878
"GET /api/user/profile/ HTTP/1.1" 200 388
"POST /check/check/ HTTP/1.1" 200 5998
"GET /api/check/ HTTP/1.1" 200 24981
"GET /api/user/profile/ HTTP/1.1" 200 388
"POST /check/check/ HTTP/1.1" 200 5836
"GET /api/check/ HTTP/1.1" 200 25165
"GET /api/user/profile/ HTTP/1.1" 200 388
"POST /check/check/ HTTP/1.1" 200 6309
"GET /api/create/ HTTP/1.1" 200 51962
"GET /api/user/profile/ HTTP/1.1" 200 388
"GET /api/check/ HTTP/1.1" 200 25165
"GET /api/user/profile/ HTTP/1.1" 200 388
"GET /api/history/ HTTP/1.1" 200 24649
Not Found: /api/contract/
"GET /api/contract/ HTTP/1.1" 404 3989
"GET /api/user/profile/ HTTP/1.1" 200 388
"GET /api/profile/ HTTP/1.1" 200 23490
"GET /api/user/profile/ HTTP/1.1" 200 388
"GET /api/user/profile/ HTTP/1.1" 200 388
"GET /api/history/ HTTP/1.1" 200 24649
Not Found: /api/contract/
"GET /api/contract/ HTTP/1.1" 404 3989
"GET /api/user/profile/ HTTP/1.1" 200 388
"GET /api/check/ HTTP/1.1" 200 25165
"GET /api/user/profile/ HTTP/1.1" 200 388
"GET / HTTP/1.1" 200 21658
"GET /api/user/profile/ HTTP/1.1" 200 388
"GET /api/history/ HTTP/1.1" 200 24649
Not Found: /api/contract/
"GET /api/contract/ HTTP/1.1" 404 3989
"GET /api/user/profile/ HTTP/1.1" 200 388
"GET /api/profile/ HTTP/1.1" 200 23490
"GET /api/user/profile/ HTTP/1.1" 200 388
"GET /api/user/profile/ HTTP/1.1" 200 388
"GET /api/history/ HTTP/1.1" 200 24649
Not Found: /api/contract/
"GET /api/contract/ HTTP/1.1" 404 3989
"GET /api/user/profile/ HTTP/1.1" 200 388
"GET /api/check/ HTTP/1.1" 200 25165
"GET /api/user/profile/ HTTP/1.1" 200 388
"GET /api/history/ HTTP/1.1" 200 24649
Not Found: /api/contract/
"GET /api/contract/ HTTP/1.1" 404 3989
"GET /api/user/profile/ HTTP/1.1" 200 388
"GET /api/profile/ HTTP/1.1" 200 23490
"GET /api/user/profile/ HTTP/1.1" 200 388
"GET /api/user/profile/ HTTP/1.1" 200 388
"GET /api/create/ HTTP/1.1" 200 51962
"GET /api/user/profile/ HTTP/1.1" 200 388
"GET /api/history/ HTTP/1.1" 200 24649
Not Found: /api/contract/
"GET /api/contract/ HTTP/1.1" 404 3989
"GET /api/user/profile/ HTTP/1.1" 200 388
"GET /api/profile/ HTTP/1.1" 200 23490
"GET /api/user/profile/ HTTP/1.1" 200 388
"GET /api/user/profile/ HTTP/1.1" 200 388
"GET /api/history/ HTTP/1.1" 200 24649
Not Found: /api/contract/
"GET /api/contract/ HTTP/1.1" 404 3989
"GET /api/user/profile/ HTTP/1.1" 200 388
"GET /api/profile/ HTTP/1.1" 200 23490
"GET /api/user/profile/ HTTP/1.1" 200 388
"GET /api/user/profile/ HTTP/1.1" 200 388
"GET /api/create/ HTTP/1.1" 200 51962
"GET /api/user/profile/ HTTP/1.1" 200 388
"GET /api/profile/ HTTP/1.1" 200 23490
"GET /api/user/profile/ HTTP/1.1" 200 388
"GET /api/user/profile/ HTTP/1.1" 200 388
/home/jxh/GraduateProject/mysite/myapp/views/user/auth.py changed, reloading.
/home/jxh/GraduateProject/mysite/myapp/views/user/auth.py changed, reloading.
/home/jxh/GraduateProject/mysite/myapp/views/user/auth.py changed, reloading.
/home/jxh/GraduateProject/mysite/myapp/views/user/auth.py changed, reloading.
/home/jxh/GraduateProject/mysite/myapp/views/user/auth.py changed, reloading.
Watching for file changes with StatReloader
Watching for file changes with StatReloader
Watching for file changes with StatReloader
Watching for file changes with StatReloader
Watching for file changes with StatReloader
/home/jxh/GraduateProject/mysite/myapp/views/user/auth.py changed, reloading.
/home/jxh/GraduateProject/mysite/myapp/views/user/auth.py changed, reloading.
/home/jxh/GraduateProject/mysite/myapp/views/user/auth.py changed, reloading.
/home/jxh/GraduateProject/mysite/myapp/views/user/auth.py changed, reloading.
/home/jxh/GraduateProject/mysite/myapp/views/user/auth.py changed, reloading.
Watching for file changes with StatReloader
Watching for file changes with StatReloader
Watching for file changes with StatReloader
Watching for file changes with StatReloader
Watching for file changes with StatReloader
"GET /api/create/ HTTP/1.1" 200 51962
"GET /api/user/profile/ HTTP/1.1" 200 388
"GET / HTTP/1.1" 200 21658
"GET /api/user/profile/ HTTP/1.1" 200 388
/home/jxh/GraduateProject/mysite/myapp/models.py changed, reloading.
/home/jxh/GraduateProject/mysite/myapp/models.py changed, reloading.
/home/jxh/GraduateProject/mysite/myapp/models.py changed, reloading.
/home/jxh/GraduateProject/mysite/myapp/models.py changed, reloading.
/home/jxh/GraduateProject/mysite/myapp/models.py changed, reloading.
Watching for file changes with StatReloader
Watching for file changes with StatReloader
Watching for file changes with StatReloader
Watching for file changes with StatReloader
Watching for file changes with StatReloader
/home/jxh/GraduateProject/mysite/myapp/views/user/auth.py changed, reloading.
/home/jxh/GraduateProject/mysite/myapp/views/user/auth.py changed, reloading.
/home/jxh/GraduateProject/mysite/myapp/views/user/auth.py changed, reloading.
/home/jxh/GraduateProject/mysite/myapp/views/user/auth.py changed, reloading.
/home/jxh/GraduateProject/mysite/myapp/views/user/auth.py changed, reloading.
Watching for file changes with StatReloader
Watching for file changes with StatReloader
Watching for file changes with StatReloader
Watching for file changes with StatReloader
Watching for file changes with StatReloader
/home/jxh/GraduateProject/mysite/myapp/views/user/auth.py changed, reloading.
/home/jxh/GraduateProject/mysite/myapp/views/user/auth.py changed, reloading.
/home/jxh/GraduateProject/mysite/myapp/views/user/auth.py changed, reloading.
/home/jxh/GraduateProject/mysite/myapp/views/user/auth.py changed, reloading.
/home/jxh/GraduateProject/mysite/myapp/views/user/auth.py changed, reloading.
Watching for file changes with StatReloader
Watching for file changes with StatReloader
Watching for file changes with StatReloader
Watching for file changes with StatReloader
Watching for file changes with StatReloader
/home/jxh/GraduateProject/mysite/myapp/views/user/auth.py changed, reloading.
/home/jxh/GraduateProject/mysite/myapp/views/user/auth.py changed, reloading.
/home/jxh/GraduateProject/mysite/myapp/views/user/auth.py changed, reloading.
/home/jxh/GraduateProject/mysite/myapp/views/user/auth.py changed, reloading.
/home/jxh/GraduateProject/mysite/myapp/views/user/auth.py changed, reloading.
Watching for file changes with StatReloader
Watching for file changes with StatReloader
Watching for file changes with StatReloader
Watching for file changes with StatReloader
Watching for file changes with StatReloader
"GET / HTTP/1.1" 200 21658
"GET /api/user/profile/ HTTP/1.1" 200 405
"GET /api/profile/ HTTP/1.1" 200 26044
"GET /api/user/profile/ HTTP/1.1" 200 405
"GET /api/user/profile/ HTTP/1.1" 200 405
"GET /api/profile/ HTTP/1.1" 200 25882
"GET /api/user/profile/ HTTP/1.1" 200 405
"GET /api/user/profile/ HTTP/1.1" 200 405
/home/jxh/GraduateProject/mysite/myapp/models.py changed, reloading.
/home/jxh/GraduateProject/mysite/myapp/models.py changed, reloading.
/home/jxh/GraduateProject/mysite/myapp/models.py changed, reloading.
/home/jxh/GraduateProject/mysite/myapp/models.py changed, reloading.
/home/jxh/GraduateProject/mysite/myapp/models.py changed, reloading.
Watching for file changes with StatReloader
Watching for file changes with StatReloader
Watching for file changes with StatReloader
Watching for file changes with StatReloader
Watching for file changes with StatReloader
/home/jxh/GraduateProject/mysite/myapp/models.py changed, reloading.
/home/jxh/GraduateProject/mysite/myapp/models.py changed, reloading.
/home/jxh/GraduateProject/mysite/myapp/models.py changed, reloading.
/home/jxh/GraduateProject/mysite/myapp/models.py changed, reloading.
/home/jxh/GraduateProject/mysite/myapp/models.py changed, reloading.
Watching for file changes with StatReloader
Watching for file changes with StatReloader
Watching for file changes with StatReloader
Watching for file changes with StatReloader
Watching for file changes with StatReloader
/home/jxh/GraduateProject/mysite/myapp/models.py changed, reloading.
/home/jxh/GraduateProject/mysite/myapp/models.py changed, reloading.
/home/jxh/GraduateProject/mysite/myapp/models.py changed, reloading.
/home/jxh/GraduateProject/mysite/myapp/models.py changed, reloading.
/home/jxh/GraduateProject/mysite/myapp/models.py changed, reloading.
Watching for file changes with StatReloader
Watching for file changes with StatReloader
Watching for file changes with StatReloader
Watching for file changes with StatReloader
Watching for file changes with StatReloader
/home/jxh/GraduateProject/mysite/myapp/models.py changed, reloading.
/home/jxh/GraduateProject/mysite/myapp/models.py changed, reloading.
/home/jxh/GraduateProject/mysite/myapp/models.py changed, reloading.
/home/jxh/GraduateProject/mysite/myapp/models.py changed, reloading.
/home/jxh/GraduateProject/mysite/myapp/models.py changed, reloading.
Watching for file changes with StatReloader
Watching for file changes with StatReloader
Watching for file changes with StatReloader
Watching for file changes with StatReloader
Watching for file changes with StatReloader
/home/jxh/GraduateProject/mysite/myapp/models.py changed, reloading.
/home/jxh/GraduateProject/mysite/myapp/models.py changed, reloading.
/home/jxh/GraduateProject/mysite/myapp/models.py changed, reloading.
/home/jxh/GraduateProject/mysite/myapp/models.py changed, reloading.
/home/jxh/GraduateProject/mysite/myapp/models.py changed, reloading.
Watching for file changes with StatReloader
Watching for file changes with StatReloader
Watching for file changes with StatReloader
Watching for file changes with StatReloader
Watching for file changes with StatReloader
/home/jxh/GraduateProject/mysite/myapp/models.py changed, reloading.
/home/jxh/GraduateProject/mysite/myapp/models.py changed, reloading.
/home/jxh/GraduateProject/mysite/myapp/models.py changed, reloading.
/home/jxh/GraduateProject/mysite/myapp/models.py changed, reloading.
/home/jxh/GraduateProject/mysite/myapp/models.py changed, reloading.
Watching for file changes with StatReloader
Watching for file changes with StatReloader
Watching for file changes with StatReloader
Watching for file changes with StatReloader
Watching for file changes with StatReloader
/home/jxh/GraduateProject/mysite/myapp/migrations/0004_remove_message_conversation_and_more.py changed, reloading.
/home/jxh/GraduateProject/mysite/myapp/migrations/0004_remove_message_conversation_and_more.py changed, reloading.
/home/jxh/GraduateProject/mysite/myapp/migrations/0004_remove_message_conversation_and_more.py changed, reloading.
/home/jxh/GraduateProject/mysite/myapp/migrations/0004_remove_message_conversation_and_more.py changed, reloading.
/home/jxh/GraduateProject/mysite/myapp/migrations/0004_remove_message_conversation_and_more.py changed, reloading.
Watching for file changes with StatReloader
Watching for file changes with StatReloader
Watching for file changes with StatReloader
Watching for file changes with StatReloader
Watching for file changes with StatReloader
/home/jxh/GraduateProject/mysite/myapp/models.py changed, reloading.
/home/jxh/GraduateProject/mysite/myapp/models.py changed, reloading.
/home/jxh/GraduateProject/mysite/myapp/models.py changed, reloading.
/home/jxh/GraduateProject/mysite/myapp/models.py changed, reloading.
/home/jxh/GraduateProject/mysite/myapp/models.py changed, reloading.
Watching for file changes with StatReloader
Watching for file changes with StatReloader
Watching for file changes with StatReloader
Watching for file changes with StatReloader
Watching for file changes with StatReloader
"GET /api/profile/ HTTP/1.1" 200 25882
"GET /api/user/profile/ HTTP/1.1" 200 315
"GET /api/user/profile/ HTTP/1.1" 200 315
"GET /api/profile/ HTTP/1.1" 200 25882
"GET /api/user/profile/ HTTP/1.1" 200 315
"GET /api/user/profile/ HTTP/1.1" 200 315
"GET /api/profile/ HTTP/1.1" 200 25882
"GET /api/user/profile/ HTTP/1.1" 200 315
"GET /api/user/profile/ HTTP/1.1" 200 315
"GET /api/create/ HTTP/1.1" 200 51962
"GET /api/user/profile/ HTTP/1.1" 200 315
"GET /api/check/ HTTP/1.1" 200 25165
"GET /api/user/profile/ HTTP/1.1" 200 315
"GET /api/create/ HTTP/1.1" 200 51962
"GET /api/user/profile/ HTTP/1.1" 200 315
/home/jxh/GraduateProject/mysite/myapp/views/generate/index.py changed, reloading.
/home/jxh/GraduateProject/mysite/myapp/views/generate/index.py changed, reloading.
/home/jxh/GraduateProject/mysite/myapp/views/generate/index.py changed, reloading.
/home/jxh/GraduateProject/mysite/myapp/views/generate/index.py changed, reloading.
/home/jxh/GraduateProject/mysite/myapp/views/generate/index.py changed, reloading.
Watching for file changes with StatReloader
Watching for file changes with StatReloader
Watching for file changes with StatReloader
Watching for file changes with StatReloader
Watching for file changes with StatReloader
/home/jxh/GraduateProject/mysite/myapp/views/check/index.py changed, reloading.
/home/jxh/GraduateProject/mysite/myapp/views/check/index.py changed, reloading.
/home/jxh/GraduateProject/mysite/myapp/views/check/index.py changed, reloading.
/home/jxh/GraduateProject/mysite/myapp/views/check/index.py changed, reloading.
/home/jxh/GraduateProject/mysite/myapp/views/check/index.py changed, reloading.
Watching for file changes with StatReloader
Watching for file changes with StatReloader
Watching for file changes with StatReloader
Watching for file changes with StatReloader
Watching for file changes with StatReloader
/home/jxh/GraduateProject/mysite/myapp/views/generate/index.py changed, reloading.
/home/jxh/GraduateProject/mysite/myapp/views/generate/index.py changed, reloading.
/home/jxh/GraduateProject/mysite/myapp/views/generate/index.py changed, reloading.
/home/jxh/GraduateProject/mysite/myapp/views/generate/index.py changed, reloading.
/home/jxh/GraduateProject/mysite/myapp/views/generate/index.py changed, reloading.
Watching for file changes with StatReloader
Watching for file changes with StatReloader
Watching for file changes with StatReloader
Watching for file changes with StatReloader
Watching for file changes with StatReloader
/home/jxh/GraduateProject/mysite/myapp/views/user/auth.py changed, reloading.
/home/jxh/GraduateProject/mysite/myapp/views/user/auth.py changed, reloading.
/home/jxh/GraduateProject/mysite/myapp/views/user/auth.py changed, reloading.
/home/jxh/GraduateProject/mysite/myapp/views/user/auth.py changed, reloading.
/home/jxh/GraduateProject/mysite/myapp/views/user/auth.py changed, reloading.
Watching for file changes with StatReloader
Watching for file changes with StatReloader
Watching for file changes with StatReloader
Watching for file changes with StatReloader
Watching for file changes with StatReloader
/home/jxh/GraduateProject/mysite/myapp/urls/user/urls.py changed, reloading.
/home/jxh/GraduateProject/mysite/myapp/urls/user/urls.py changed, reloading.
/home/jxh/GraduateProject/mysite/myapp/urls/user/urls.py changed, reloading.
/home/jxh/GraduateProject/mysite/myapp/urls/user/urls.py changed, reloading.
/home/jxh/GraduateProject/mysite/myapp/urls/user/urls.py changed, reloading.
Watching for file changes with StatReloader
Watching for file changes with StatReloader
Watching for file changes with StatReloader
Watching for file changes with StatReloader
Watching for file changes with StatReloader
"GET /api/create/ HTTP/1.1" 200 52909
"GET /api/user/profile/ HTTP/1.1" 200 315
"GET /api/profile/ HTTP/1.1" 200 25882
"GET /api/user/profile/ HTTP/1.1" 200 315
"GET /api/user/profile/ HTTP/1.1" 200 315
"GET /api/history/ HTTP/1.1" 200 24649
Not Found: /api/contract/
"GET /api/contract/ HTTP/1.1" 404 3989
"GET /api/user/profile/ HTTP/1.1" 200 315
"GET /api/create/ HTTP/1.1" 200 52909
"GET /api/user/profile/ HTTP/1.1" 200 315
"POST /api/user/stats/ HTTP/1.1" 200 88
"GET /api/profile/ HTTP/1.1" 200 25882
"GET /api/user/profile/ HTTP/1.1" 200 315
"GET /api/user/profile/ HTTP/1.1" 200 315
"GET /api/check/ HTTP/1.1" 200 25948
"GET /api/user/profile/ HTTP/1.1" 200 315
"POST /check/check/ HTTP/1.1" 200 5763
"POST /api/user/stats/ HTTP/1.1" 200 88
"GET /api/profile/ HTTP/1.1" 200 25882
"GET /api/user/profile/ HTTP/1.1" 200 315
"GET /api/user/profile/ HTTP/1.1" 200 315
"GET /api/history/ HTTP/1.1" 200 24649
Not Found: /api/contract/
"GET /api/contract/ HTTP/1.1" 404 3989
"GET /api/user/profile/ HTTP/1.1" 200 315
/home/jxh/GraduateProject/mysite/mysite/urls.py changed, reloading.
/home/jxh/GraduateProject/mysite/mysite/urls.py changed, reloading.
/home/jxh/GraduateProject/mysite/mysite/urls.py changed, reloading.
/home/jxh/GraduateProject/mysite/mysite/urls.py changed, reloading.
/home/jxh/GraduateProject/mysite/mysite/urls.py changed, reloading.
Watching for file changes with StatReloader
Watching for file changes with StatReloader
Watching for file changes with StatReloader
Watching for file changes with StatReloader
Watching for file changes with StatReloader
"GET /api/history/ HTTP/1.1" 200 23707
"GET /api/contract/ HTTP/1.1" 200 1533
"GET /api/user/profile/ HTTP/1.1" 200 315
Not Found: /preview/
"GET /preview/?contract_id=8aceabe0-edf1-4a05-8208-c906ed0e5c2c HTTP/1.1" 404 4179
Not Found: /api/export/ee37cd7c-f6a3-485f-b921-c45a6be247f4/pdf/
"GET /api/export/ee37cd7c-f6a3-485f-b921-c45a6be247f4/pdf/ HTTP/1.1" 404 4262
"DELETE /api/contract/8aceabe0-edf1-4a05-8208-c906ed0e5c2c/ HTTP/1.1" 200 52
"GET /api/history/ HTTP/1.1" 200 23707
"GET /api/user/profile/ HTTP/1.1" 200 315
"GET /api/contract/ HTTP/1.1" 200 1351
/home/jxh/GraduateProject/mysite/mysite/urls.py changed, reloading.
/home/jxh/GraduateProject/mysite/mysite/urls.py changed, reloading.
/home/jxh/GraduateProject/mysite/mysite/urls.py changed, reloading.
/home/jxh/GraduateProject/mysite/mysite/urls.py changed, reloading.
/home/jxh/GraduateProject/mysite/mysite/urls.py changed, reloading.
Watching for file changes with StatReloader
Watching for file changes with StatReloader
Watching for file changes with StatReloader
Watching for file changes with StatReloader
Watching for file changes with StatReloader
Watching for file changes with StatReloader
"GET /api/history/ HTTP/1.1" 200 23707
"GET /api/contract/ HTTP/1.1" 200 1351
"GET /api/user/profile/ HTTP/1.1" 200 315
Not Found: /preview/
"GET /preview/?contract_id=ee37cd7c-f6a3-485f-b921-c45a6be247f4 HTTP/1.1" 404 4333
Not Found: /preview/
"GET /preview/?contract_id=ee37cd7c-f6a3-485f-b921-c45a6be247f4 HTTP/1.1" 404 4333
Internal Server Error: /api/export/ee37cd7c-f6a3-485f-b921-c45a6be247f4/pdf/
"GET /api/export/ee37cd7c-f6a3-485f-b921-c45a6be247f4/pdf/ HTTP/1.1" 500 62
"DELETE /api/contract/ee37cd7c-f6a3-485f-b921-c45a6be247f4/ HTTP/1.1" 200 52
"DELETE /api/contract/655b55ee-acff-43d3-9519-e555cc1af362/ HTTP/1.1" 200 52
Not Found: /api/export/
"HEAD /api/export/ HTTP/1.1" 404 0
"GET /api/create/ HTTP/1.1" 200 54398
"GET /api/user/profile/ HTTP/1.1" 200 315
"GET /api/history/ HTTP/1.1" 200 23707
"GET /api/user/profile/ HTTP/1.1" 200 315
"GET /api/contract/ HTTP/1.1" 200 987
"GET /api/profile/ HTTP/1.1" 200 25882
"GET /api/user/profile/ HTTP/1.1" 200 315
"GET /api/user/profile/ HTTP/1.1" 200 315
"GET /api/create/ HTTP/1.1" 200 54398
"GET /api/user/profile/ HTTP/1.1" 200 315
/home/jxh/GraduateProject/mysite/mysite/urls.py changed, reloading.
Watching for file changes with StatReloader
/home/jxh/GraduateProject/mysite/myapp/views/contract.py changed, reloading.
/home/jxh/GraduateProject/mysite/myapp/views/contract.py changed, reloading.
/home/jxh/GraduateProject/mysite/myapp/views/contract.py changed, reloading.
/home/jxh/GraduateProject/mysite/myapp/views/contract.py changed, reloading.
Watching for file changes with StatReloader
Watching for file changes with StatReloader
Watching for file changes with StatReloader
Watching for file changes with StatReloader
/home/jxh/GraduateProject/mysite/myapp/views/contract.py changed, reloading.
/home/jxh/GraduateProject/mysite/myapp/views/contract.py changed, reloading.
/home/jxh/GraduateProject/mysite/myapp/views/contract.py changed, reloading.
/home/jxh/GraduateProject/mysite/myapp/views/contract.py changed, reloading.
Watching for file changes with StatReloader
Watching for file changes with StatReloader
Watching for file changes with StatReloader
Watching for file changes with StatReloader
/home/jxh/GraduateProject/mysite/myapp/views/contract.py changed, reloading.
/home/jxh/GraduateProject/mysite/myapp/views/contract.py changed, reloading.
/home/jxh/GraduateProject/mysite/myapp/views/contract.py changed, reloading.
/home/jxh/GraduateProject/mysite/myapp/views/contract.py changed, reloading.
Watching for file changes with StatReloader
Watching for file changes with StatReloader
Watching for file changes with StatReloader
Watching for file changes with StatReloader
/home/jxh/GraduateProject/mysite/myapp/urls/contract/urls.py changed, reloading.
/home/jxh/GraduateProject/mysite/myapp/urls/contract/urls.py changed, reloading.
/home/jxh/GraduateProject/mysite/myapp/urls/contract/urls.py changed, reloading.
/home/jxh/GraduateProject/mysite/myapp/urls/contract/urls.py changed, reloading.
Watching for file changes with StatReloader
Watching for file changes with StatReloader
Watching for file changes with StatReloader
Watching for file changes with StatReloader
/home/jxh/GraduateProject/mysite/myapp/models.py changed, reloading.
/home/jxh/GraduateProject/mysite/myapp/models.py changed, reloading.
/home/jxh/GraduateProject/mysite/myapp/models.py changed, reloading.
/home/jxh/GraduateProject/mysite/myapp/models.py changed, reloading.
Watching for file changes with StatReloader
Watching for file changes with StatReloader
Watching for file changes with StatReloader
Watching for file changes with StatReloader
/home/jxh/GraduateProject/mysite/myapp/views/contract.py changed, reloading.
/home/jxh/GraduateProject/mysite/myapp/views/contract.py changed, reloading.
/home/jxh/GraduateProject/mysite/myapp/views/contract.py changed, reloading.
/home/jxh/GraduateProject/mysite/myapp/views/contract.py changed, reloading.
Watching for file changes with StatReloader
Watching for file changes with StatReloader
Watching for file changes with StatReloader
Watching for file changes with StatReloader
/home/jxh/GraduateProject/mysite/myapp/views/contract.py changed, reloading.
/home/jxh/GraduateProject/mysite/myapp/views/contract.py changed, reloading.
/home/jxh/GraduateProject/mysite/myapp/views/contract.py changed, reloading.
/home/jxh/GraduateProject/mysite/myapp/views/contract.py changed, reloading.
Watching for file changes with StatReloader
Watching for file changes with StatReloader
Watching for file changes with StatReloader
Watching for file changes with StatReloader
"GET /api/check/ HTTP/1.1" 200 27136
"GET /api/user/profile/ HTTP/1.1" 200 315
/home/jxh/GraduateProject/mysite/myapp/views/check/index.py changed, reloading.
/home/jxh/GraduateProject/mysite/myapp/views/check/index.py changed, reloading.
/home/jxh/GraduateProject/mysite/myapp/views/check/index.py changed, reloading.
/home/jxh/GraduateProject/mysite/myapp/views/check/index.py changed, reloading.
Watching for file changes with StatReloader
Watching for file changes with StatReloader
Watching for file changes with StatReloader
Watching for file changes with StatReloader
/home/jxh/GraduateProject/mysite/myapp/views/contract.py changed, reloading.
/home/jxh/GraduateProject/mysite/myapp/views/contract.py changed, reloading.
/home/jxh/GraduateProject/mysite/myapp/views/contract.py changed, reloading.
/home/jxh/GraduateProject/mysite/myapp/views/contract.py changed, reloading.
Watching for file changes with StatReloader
Watching for file changes with StatReloader
Watching for file changes with StatReloader
Watching for file changes with StatReloader
"GET /api/check/ HTTP/1.1" 200 27188
"GET /api/user/profile/ HTTP/1.1" 200 315
"GET /api/history/ HTTP/1.1" 200 23707
"GET /api/user/profile/ HTTP/1.1" 200 315
"GET /api/contract/ HTTP/1.1" 200 987
"DELETE /api/contract/12b385ae-f824-4400-93ba-8e2496bcf4e4/ HTTP/1.1" 200 52
"GET /api/profile/ HTTP/1.1" 200 25882
"GET /api/user/profile/ HTTP/1.1" 200 315
"GET /api/user/profile/ HTTP/1.1" 200 315
"PUT /api/user/profile/ HTTP/1.1" 200 175620
"GET /api/profile/ HTTP/1.1" 200 25882
"GET /api/user/profile/ HTTP/1.1" 200 175792
"GET /api/user/profile/ HTTP/1.1" 200 175792
"PUT /api/user/profile/ HTTP/1.1" 200 11008
"GET /api/profile/ HTTP/1.1" 200 25882
"GET /api/user/profile/ HTTP/1.1" 200 11180
"GET /api/user/profile/ HTTP/1.1" 200 11180
"GET /api/history/ HTTP/1.1" 200 23707
"GET /api/contract/ HTTP/1.1" 200 805
"GET /api/user/profile/ HTTP/1.1" 200 11180
"GET /api/check/ HTTP/1.1" 200 27188
"GET /api/user/profile/ HTTP/1.1" 200 11180
"GET /api/profile/ HTTP/1.1" 200 25882
"GET /api/user/profile/ HTTP/1.1" 200 11180
"GET /api/user/profile/ HTTP/1.1" 200 11180
"GET /api/profile/ HTTP/1.1" 200 25882
"GET /api/user/profile/ HTTP/1.1" 200 11180
"GET /api/user/profile/ HTTP/1.1" 200 11180
"GET /api/history/ HTTP/1.1" 200 26462
"GET /api/user/profile/ HTTP/1.1" 200 11180
"GET /api/contract/ HTTP/1.1" 200 805
Internal Server Error: /api/contract/72933161-203d-4d63-9571-f9c171f5e5f9/
Traceback (most recent call last):
  File "/home/jxh/.local/lib/python3.10/site-packages/django/core/handlers/exception.py", line 55, in inner
    response = get_response(request)
  File "/home/jxh/.local/lib/python3.10/site-packages/django/core/handlers/base.py", line 197, in _get_response
    response = wrapped_callback(request, *callback_args, **callback_kwargs)
  File "/home/jxh/.local/lib/python3.10/site-packages/django/views/generic/base.py", line 104, in view
    return self.dispatch(request, *args, **kwargs)
  File "/home/jxh/.local/lib/python3.10/site-packages/django/utils/decorators.py", line 48, in _wrapper
    return bound_method(*args, **kwargs)
  File "/home/jxh/.local/lib/python3.10/site-packages/django/views/decorators/csrf.py", line 65, in _view_wrapper
    return view_func(request, *args, **kwargs)
  File "/home/jxh/.local/lib/python3.10/site-packages/django/utils/decorators.py", line 48, in _wrapper
    return bound_method(*args, **kwargs)
  File "/home/jxh/.local/lib/python3.10/site-packages/django/contrib/auth/decorators.py", line 60, in _view_wrapper
    return view_func(request, *args, **kwargs)
  File "/home/jxh/.local/lib/python3.10/site-packages/django/views/generic/base.py", line 143, in dispatch
    return handler(request, *args, **kwargs)
  File "/home/jxh/GraduateProject/mysite/myapp/views/contract.py", line 29, in get
    'landlord_info': contract.landlord_info,
AttributeError: 'Contract' object has no attribute 'landlord_info'
"GET /api/contract/72933161-203d-4d63-9571-f9c171f5e5f9/ HTTP/1.1" 500 104641
Internal Server Error: /api/contract/72933161-203d-4d63-9571-f9c171f5e5f9/
Traceback (most recent call last):
  File "/home/jxh/.local/lib/python3.10/site-packages/django/core/handlers/exception.py", line 55, in inner
    response = get_response(request)
  File "/home/jxh/.local/lib/python3.10/site-packages/django/core/handlers/base.py", line 197, in _get_response
    response = wrapped_callback(request, *callback_args, **callback_kwargs)
  File "/home/jxh/.local/lib/python3.10/site-packages/django/views/generic/base.py", line 104, in view
    return self.dispatch(request, *args, **kwargs)
  File "/home/jxh/.local/lib/python3.10/site-packages/django/utils/decorators.py", line 48, in _wrapper
    return bound_method(*args, **kwargs)
  File "/home/jxh/.local/lib/python3.10/site-packages/django/views/decorators/csrf.py", line 65, in _view_wrapper
    return view_func(request, *args, **kwargs)
  File "/home/jxh/.local/lib/python3.10/site-packages/django/utils/decorators.py", line 48, in _wrapper
    return bound_method(*args, **kwargs)
  File "/home/jxh/.local/lib/python3.10/site-packages/django/contrib/auth/decorators.py", line 60, in _view_wrapper
    return view_func(request, *args, **kwargs)
  File "/home/jxh/.local/lib/python3.10/site-packages/django/views/generic/base.py", line 143, in dispatch
    return handler(request, *args, **kwargs)
  File "/home/jxh/GraduateProject/mysite/myapp/views/contract.py", line 29, in get
    'landlord_info': contract.landlord_info,
AttributeError: 'Contract' object has no attribute 'landlord_info'
"GET /api/contract/72933161-203d-4d63-9571-f9c171f5e5f9/ HTTP/1.1" 500 104641
"DELETE /api/contract/72933161-203d-4d63-9571-f9c171f5e5f9/ HTTP/1.1" 200 52
"GET /api/history/ HTTP/1.1" 200 28314
"GET /api/user/profile/ HTTP/1.1" 200 11180
"GET /api/contract/ HTTP/1.1" 200 623
Internal Server Error: /api/contract/52671e01-ce1c-4cce-90a2-bfc28d8f0d98/
Traceback (most recent call last):
  File "/home/jxh/.local/lib/python3.10/site-packages/django/core/handlers/exception.py", line 55, in inner
    response = get_response(request)
  File "/home/jxh/.local/lib/python3.10/site-packages/django/core/handlers/base.py", line 197, in _get_response
    response = wrapped_callback(request, *callback_args, **callback_kwargs)
  File "/home/jxh/.local/lib/python3.10/site-packages/django/views/generic/base.py", line 104, in view
    return self.dispatch(request, *args, **kwargs)
  File "/home/jxh/.local/lib/python3.10/site-packages/django/utils/decorators.py", line 48, in _wrapper
    return bound_method(*args, **kwargs)
  File "/home/jxh/.local/lib/python3.10/site-packages/django/views/decorators/csrf.py", line 65, in _view_wrapper
    return view_func(request, *args, **kwargs)
  File "/home/jxh/.local/lib/python3.10/site-packages/django/utils/decorators.py", line 48, in _wrapper
    return bound_method(*args, **kwargs)
  File "/home/jxh/.local/lib/python3.10/site-packages/django/contrib/auth/decorators.py", line 60, in _view_wrapper
    return view_func(request, *args, **kwargs)
  File "/home/jxh/.local/lib/python3.10/site-packages/django/views/generic/base.py", line 143, in dispatch
    return handler(request, *args, **kwargs)
  File "/home/jxh/GraduateProject/mysite/myapp/views/contract.py", line 29, in get
    'landlord_info': contract.landlord_info,
AttributeError: 'Contract' object has no attribute 'landlord_info'
"GET /api/contract/52671e01-ce1c-4cce-90a2-bfc28d8f0d98/ HTTP/1.1" 500 104641
Internal Server Error: /api/contract/52671e01-ce1c-4cce-90a2-bfc28d8f0d98/
Traceback (most recent call last):
  File "/home/jxh/.local/lib/python3.10/site-packages/django/core/handlers/exception.py", line 55, in inner
    response = get_response(request)
  File "/home/jxh/.local/lib/python3.10/site-packages/django/core/handlers/base.py", line 197, in _get_response
    response = wrapped_callback(request, *callback_args, **callback_kwargs)
  File "/home/jxh/.local/lib/python3.10/site-packages/django/views/generic/base.py", line 104, in view
    return self.dispatch(request, *args, **kwargs)
  File "/home/jxh/.local/lib/python3.10/site-packages/django/utils/decorators.py", line 48, in _wrapper
    return bound_method(*args, **kwargs)
  File "/home/jxh/.local/lib/python3.10/site-packages/django/views/decorators/csrf.py", line 65, in _view_wrapper
    return view_func(request, *args, **kwargs)
  File "/home/jxh/.local/lib/python3.10/site-packages/django/utils/decorators.py", line 48, in _wrapper
    return bound_method(*args, **kwargs)
  File "/home/jxh/.local/lib/python3.10/site-packages/django/contrib/auth/decorators.py", line 60, in _view_wrapper
    return view_func(request, *args, **kwargs)
  File "/home/jxh/.local/lib/python3.10/site-packages/django/views/generic/base.py", line 143, in dispatch
    return handler(request, *args, **kwargs)
  File "/home/jxh/GraduateProject/mysite/myapp/views/contract.py", line 29, in get
    'landlord_info': contract.landlord_info,
AttributeError: 'Contract' object has no attribute 'landlord_info'
"GET /api/contract/52671e01-ce1c-4cce-90a2-bfc28d8f0d98/ HTTP/1.1" 500 104641
/home/jxh/GraduateProject/mysite/myapp/views/contract.py changed, reloading.
/home/jxh/GraduateProject/mysite/myapp/views/contract.py changed, reloading.
/home/jxh/GraduateProject/mysite/myapp/views/contract.py changed, reloading.
/home/jxh/GraduateProject/mysite/myapp/views/contract.py changed, reloading.
Watching for file changes with StatReloader
Watching for file changes with StatReloader
Watching for file changes with StatReloader
Watching for file changes with StatReloader
/home/jxh/GraduateProject/mysite/myapp/views/contract.py changed, reloading.
/home/jxh/GraduateProject/mysite/myapp/views/contract.py changed, reloading.
/home/jxh/GraduateProject/mysite/myapp/views/contract.py changed, reloading.
/home/jxh/GraduateProject/mysite/myapp/views/contract.py changed, reloading.
Watching for file changes with StatReloader
Watching for file changes with StatReloader
Watching for file changes with StatReloader
Watching for file changes with StatReloader
"GET /api/history/ HTTP/1.1" 200 28314
"GET /api/user/profile/ HTTP/1.1" 200 11180
"GET /api/contract/ HTTP/1.1" 200 623
"GET /api/contract/52671e01-ce1c-4cce-90a2-bfc28d8f0d98/ HTTP/1.1" 200 593
"GET /api/contract/52671e01-ce1c-4cce-90a2-bfc28d8f0d98/ HTTP/1.1" 200 593
"GET /api/contract/c58caae6-28f4-4fb4-b2ed-f92ca3e61f54/ HTTP/1.1" 200 575
"GET /api/contract/8d983f16-8089-49ce-8d26-9b5fa921bc8e/ HTTP/1.1" 200 623
"GET /api/contract/52671e01-ce1c-4cce-90a2-bfc28d8f0d98/ HTTP/1.1" 200 593
"DELETE /api/contract/52671e01-ce1c-4cce-90a2-bfc28d8f0d98/ HTTP/1.1" 200 52
"GET /api/contract/c58caae6-28f4-4fb4-b2ed-f92ca3e61f54/ HTTP/1.1" 200 575
"GET /api/contract/c58caae6-28f4-4fb4-b2ed-f92ca3e61f54/ HTTP/1.1" 200 575
"DELETE /api/contract/c58caae6-28f4-4fb4-b2ed-f92ca3e61f54/ HTTP/1.1" 200 52
"GET /api/history/ HTTP/1.1" 200 28314
"GET /api/user/profile/ HTTP/1.1" 200 11180
"GET /api/contract/ HTTP/1.1" 200 259
"DELETE /api/contract/8d983f16-8089-49ce-8d26-9b5fa921bc8e/ HTTP/1.1" 200 52
"GET /api/history/ HTTP/1.1" 200 28314
"GET /api/user/profile/ HTTP/1.1" 200 11180
"GET /api/contract/ HTTP/1.1" 200 79
"GET /api/create/ HTTP/1.1" 200 54020
"GET /api/user/profile/ HTTP/1.1" 200 11180
"GET /api/history/ HTTP/1.1" 200 28314
"GET /api/contract/ HTTP/1.1" 200 79
"GET /api/user/profile/ HTTP/1.1" 200 11180
"GET /api/history/ HTTP/1.1" 200 28314
"GET /api/user/profile/ HTTP/1.1" 200 11180
"GET /api/contract/ HTTP/1.1" 200 79
"GET /api/create/ HTTP/1.1" 200 54003
"GET /api/user/profile/ HTTP/1.1" 200 11180
"POST /api/contract/ HTTP/1.1" 200 182
"POST /api/user/stats/ HTTP/1.1" 200 88
"GET /api/history/ HTTP/1.1" 200 28314
"GET /api/contract/ HTTP/1.1" 200 273
"GET /api/user/profile/ HTTP/1.1" 200 11180
"GET /api/contract/57fa53a5-3856-4238-bc33-7dc903e69253/ HTTP/1.1" 200 5953
"GET /api/contract/57fa53a5-3856-4238-bc33-7dc903e69253/ HTTP/1.1" 200 5953
"DELETE /api/contract/57fa53a5-3856-4238-bc33-7dc903e69253/ HTTP/1.1" 200 52
"GET /api/history/ HTTP/1.1" 200 28314
"GET /api/contract/ HTTP/1.1" 200 79
"GET /api/user/profile/ HTTP/1.1" 200 11180
"GET /api/create/ HTTP/1.1" 200 54003
"GET /api/user/profile/ HTTP/1.1" 200 11180
"GET /api/profile/ HTTP/1.1" 200 25882
"GET /api/user/profile/ HTTP/1.1" 200 11180
"GET /api/user/profile/ HTTP/1.1" 200 11180
"GET /api/history/ HTTP/1.1" 200 28314
"GET /api/contract/ HTTP/1.1" 200 79
"GET /api/user/profile/ HTTP/1.1" 200 11180
"GET /api/profile/ HTTP/1.1" 200 25882
"GET /api/user/profile/ HTTP/1.1" 200 11180
"GET /api/user/profile/ HTTP/1.1" 200 11180
"GET /api/history/ HTTP/1.1" 200 28314
"GET /api/contract/ HTTP/1.1" 200 79
"GET /api/user/profile/ HTTP/1.1" 200 11180
"GET /api/profile/ HTTP/1.1" 200 25882
"GET /api/user/profile/ HTTP/1.1" 200 11180
"GET /api/user/profile/ HTTP/1.1" 200 11180
"GET /api/history/ HTTP/1.1" 200 28314
"GET /api/user/profile/ HTTP/1.1" 200 11180
"GET /api/contract/ HTTP/1.1" 200 79
"GET /api/profile/ HTTP/1.1" 200 25882
"GET /api/user/profile/ HTTP/1.1" 200 11180
"GET /api/user/profile/ HTTP/1.1" 200 11180
/home/jxh/GraduateProject/mysite/myapp/views/user/auth.py changed, reloading.
/home/jxh/GraduateProject/mysite/myapp/views/user/auth.py changed, reloading.
/home/jxh/GraduateProject/mysite/myapp/views/user/auth.py changed, reloading.
/home/jxh/GraduateProject/mysite/myapp/views/user/auth.py changed, reloading.
Watching for file changes with StatReloader
Watching for file changes with StatReloader
Watching for file changes with StatReloader
Watching for file changes with StatReloader
/home/jxh/GraduateProject/mysite/myapp/views/user/auth.py changed, reloading.
/home/jxh/GraduateProject/mysite/myapp/views/user/auth.py changed, reloading.
/home/jxh/GraduateProject/mysite/myapp/views/user/auth.py changed, reloading.
/home/jxh/GraduateProject/mysite/myapp/views/user/auth.py changed, reloading.
Watching for file changes with StatReloader
Watching for file changes with StatReloader
Watching for file changes with StatReloader
Watching for file changes with StatReloader
"GET /api/profile/ HTTP/1.1" 200 25882
"GET /api/user/profile/ HTTP/1.1" 200 11180
"GET /api/user/profile/ HTTP/1.1" 200 11180
"GET /api/history/ HTTP/1.1" 200 30325
"GET /api/user/profile/ HTTP/1.1" 200 11180
"GET /api/contract/ HTTP/1.1" 200 79
"GET /api/profile/ HTTP/1.1" 200 25882
"GET /api/user/profile/ HTTP/1.1" 200 11180
"GET /api/user/profile/ HTTP/1.1" 200 11180
"GET /api/profile/ HTTP/1.1" 200 25882
"GET /api/user/profile/ HTTP/1.1" 200 11180
"GET /api/user/profile/ HTTP/1.1" 200 11180
"GET /api/history/ HTTP/1.1" 200 30325
"GET /api/user/profile/ HTTP/1.1" 200 11180
"GET /api/contract/ HTTP/1.1" 200 79
"GET /api/check/ HTTP/1.1" 200 27188
"GET /api/user/profile/ HTTP/1.1" 200 11180
"GET /api/create/ HTTP/1.1" 200 54003
"GET /api/user/profile/ HTTP/1.1" 200 11180
"GET /api/history/ HTTP/1.1" 200 30325
"GET /api/user/profile/ HTTP/1.1" 200 11180
"GET /api/contract/ HTTP/1.1" 200 79
"GET /api/check/ HTTP/1.1" 200 27188
"GET /api/user/profile/ HTTP/1.1" 200 11180
"GET /api/history/ HTTP/1.1" 200 30325
"GET /api/user/profile/ HTTP/1.1" 200 11180
"GET /api/contract/ HTTP/1.1" 200 79
"GET /api/create/ HTTP/1.1" 200 54003
"GET /api/user/profile/ HTTP/1.1" 200 11180
"POST /api/contract/ HTTP/1.1" 200 182
"POST /api/user/stats/ HTTP/1.1" 200 88
"GET /api/history/ HTTP/1.1" 200 30325
"GET /api/user/profile/ HTTP/1.1" 200 11180
"GET /api/contract/ HTTP/1.1" 200 273
"GET /api/contract/ecf76397-f9f6-4257-95b9-c7b46b205505/ HTTP/1.1" 200 5957
"GET /api/contract/ecf76397-f9f6-4257-95b9-c7b46b205505/ HTTP/1.1" 200 5957
"GET /api/profile/ HTTP/1.1" 200 25882
"GET /api/user/profile/ HTTP/1.1" 200 11180
"GET /api/user/profile/ HTTP/1.1" 200 11180
"GET /api/history/ HTTP/1.1" 200 30325
"GET /api/user/profile/ HTTP/1.1" 200 11180
"GET /api/contract/ HTTP/1.1" 200 273
"GET /api/contract/ecf76397-f9f6-4257-95b9-c7b46b205505/ HTTP/1.1" 200 5957
"DELETE /api/contract/ecf76397-f9f6-4257-95b9-c7b46b205505/ HTTP/1.1" 200 52
"POST /api/user/stats/ HTTP/1.1" 200 88
"GET /api/profile/ HTTP/1.1" 200 25882
"GET /api/user/profile/ HTTP/1.1" 200 11180
"GET /api/user/profile/ HTTP/1.1" 200 11180
"GET /api/history/ HTTP/1.1" 200 30325
"GET /api/contract/ HTTP/1.1" 200 79
"GET /api/user/profile/ HTTP/1.1" 200 11180
"GET /api/profile/ HTTP/1.1" 200 25882
"GET /api/user/profile/ HTTP/1.1" 200 11180
"GET /api/user/profile/ HTTP/1.1" 200 11180
"GET /api/history/ HTTP/1.1" 200 30325
"GET /api/user/profile/ HTTP/1.1" 200 11180
"GET /api/contract/ HTTP/1.1" 200 79
Not Found: /create/
"GET /create/ HTTP/1.1" 404 4127
"GET /api/create/ HTTP/1.1" 200 54003
"GET /api/user/profile/ HTTP/1.1" 200 11180
"POST /api/contract/ HTTP/1.1" 200 182
"POST /api/user/stats/ HTTP/1.1" 200 88
"GET /api/history/ HTTP/1.1" 200 30325
"GET /api/user/profile/ HTTP/1.1" 200 11180
"GET /api/contract/ HTTP/1.1" 200 273
"GET /api/contract/95c8c64e-a865-4aca-97e4-3983b8aba166/ HTTP/1.1" 200 5957
"GET /api/contract/95c8c64e-a865-4aca-97e4-3983b8aba166/ HTTP/1.1" 200 5957
"GET /api/profile/ HTTP/1.1" 200 25882
"GET /api/user/profile/ HTTP/1.1" 200 11180
"GET /api/user/profile/ HTTP/1.1" 200 11180
"GET /api/history/ HTTP/1.1" 200 30325
"GET /api/contract/ HTTP/1.1" 200 273
"GET /api/user/profile/ HTTP/1.1" 200 11180
"GET /api/contract/95c8c64e-a865-4aca-97e4-3983b8aba166/ HTTP/1.1" 200 5957
"DELETE /api/contract/95c8c64e-a865-4aca-97e4-3983b8aba166/ HTTP/1.1" 200 52
"POST /api/user/stats/ HTTP/1.1" 200 88
"GET /api/profile/ HTTP/1.1" 200 25882
"GET /api/user/profile/ HTTP/1.1" 200 11180
"GET /api/user/profile/ HTTP/1.1" 200 11180
"GET /api/history/ HTTP/1.1" 200 30325
"GET /api/user/profile/ HTTP/1.1" 200 11180
"GET /api/contract/ HTTP/1.1" 200 79
Not Found: /create/
"GET /create/ HTTP/1.1" 404 4127
"GET /api/history/ HTTP/1.1" 200 30329
"GET /api/contract/ HTTP/1.1" 200 79
"GET /api/user/profile/ HTTP/1.1" 200 11180
"GET /api/history/ HTTP/1.1" 200 30329
"GET /api/contract/ HTTP/1.1" 200 79
"GET /api/user/profile/ HTTP/1.1" 200 11180
"GET /api/history/ HTTP/1.1" 200 30329
"GET /api/contract/ HTTP/1.1" 200 79
"GET /api/user/profile/ HTTP/1.1" 200 11180
"GET /api/history/ HTTP/1.1" 200 30329
"GET /api/user/profile/ HTTP/1.1" 200 11180
"GET /api/contract/ HTTP/1.1" 200 79
"GET /api/create/ HTTP/1.1" 200 54003
"GET /api/user/profile/ HTTP/1.1" 200 11180
"GET /api/history/ HTTP/1.1" 200 30329
"GET /api/user/profile/ HTTP/1.1" 200 11180
"GET /api/contract/ HTTP/1.1" 200 79
"GET /api/create/ HTTP/1.1" 200 54003
"GET /api/user/profile/ HTTP/1.1" 200 11180
"GET /api/history/ HTTP/1.1" 200 30329
"GET /api/user/profile/ HTTP/1.1" 200 11180
"GET /api/contract/ HTTP/1.1" 200 79
"GET /api/check/ HTTP/1.1" 200 27188
"GET /api/user/profile/ HTTP/1.1" 200 11180
"GET /api/profile/ HTTP/1.1" 200 25882
"GET /api/user/profile/ HTTP/1.1" 200 11180
"GET /api/user/profile/ HTTP/1.1" 200 11180
"GET /api/check/ HTTP/1.1" 200 27188
"GET /api/user/profile/ HTTP/1.1" 200 11180
"GET / HTTP/1.1" 200 21658
"GET /api/user/profile/ HTTP/1.1" 200 11180
"POST /api/user/logout/ HTTP/1.1" 200 52
"GET / HTTP/1.1" 200 21658
Unauthorized: /api/user/profile/
"GET /api/user/profile/ HTTP/1.1" 401 52
Watching for file changes with StatReloader
Watching for file changes with StatReloader
"GET / HTTP/1.1" 200 21658
Unauthorized: /api/user/profile/
"GET /api/user/profile/ HTTP/1.1" 401 52
Not Found: /favicon.ico
"GET /favicon.ico HTTP/1.1" 404 4139
"GET /api/docs HTTP/1.1" 301 0
"GET /api/docs/ HTTP/1.1" 200 4640
"GET /api/schema/ HTTP/1.1" 200 14287
Forbidden: /generate/generate/
"POST /generate/generate/ HTTP/1.1" 403 43
Forbidden: /generate/generate/
"POST /generate/generate/ HTTP/1.1" 403 43
Forbidden: /generate/generate/
"POST /generate/generate/ HTTP/1.1" 403 43
"POST /generate/generate/ HTTP/1.1" 200 1852
"GET / HTTP/1.1" 200 21658
Unauthorized: /api/user/profile/
"GET /api/user/profile/ HTTP/1.1" 401 52
Not Found: /favicon.ico
"GET /favicon.ico HTTP/1.1" 404 4139
"POST /api/user/login/ HTTP/1.1" 200 127
"GET /api/check/ HTTP/1.1" 200 27188
"GET /api/user/profile/ HTTP/1.1" 200 11180
"GET /api/create/ HTTP/1.1" 200 54003
"GET /api/user/profile/ HTTP/1.1" 200 11180
"GET /api/history/ HTTP/1.1" 200 30329
"GET /api/contract/ HTTP/1.1" 200 79
"GET /api/user/profile/ HTTP/1.1" 200 11180
"GET /api/profile/ HTTP/1.1" 200 25882
"GET /api/user/profile/ HTTP/1.1" 200 11180
"GET /api/user/profile/ HTTP/1.1" 200 11180
"GET /api/history/ HTTP/1.1" 200 30329
"GET /api/user/profile/ HTTP/1.1" 200 11180
"GET /api/contract/ HTTP/1.1" 200 79
"GET /api/profile/ HTTP/1.1" 200 25882
"GET /api/user/profile/ HTTP/1.1" 200 11180
"GET /api/user/profile/ HTTP/1.1" 200 11180
"GET /api/history/ HTTP/1.1" 200 30329
"GET /api/user/profile/ HTTP/1.1" 200 11180
"GET /api/contract/ HTTP/1.1" 200 79
"GET /api/create/ HTTP/1.1" 200 54003
"GET /api/user/profile/ HTTP/1.1" 200 11180
"POST /api/contract/ HTTP/1.1" 200 182
"POST /api/user/stats/ HTTP/1.1" 200 88
"GET /api/history/ HTTP/1.1" 200 30329
"GET /api/contract/ HTTP/1.1" 200 273
"GET /api/user/profile/ HTTP/1.1" 200 11180
"GET /api/profile/ HTTP/1.1" 200 25882
"GET /api/user/profile/ HTTP/1.1" 200 11180
"GET /api/user/profile/ HTTP/1.1" 200 11180
"GET /api/check/ HTTP/1.1" 200 27188
"GET /api/user/profile/ HTTP/1.1" 200 11180
"POST /check/check/ HTTP/1.1" 200 8650
"POST /api/contract/ HTTP/1.1" 200 180
"POST /api/user/stats/ HTTP/1.1" 200 88
/home/jxh/GraduateProject/mysite/myapp/views/check/checkservice/service.py changed, reloading.
Watching for file changes with StatReloader
/home/jxh/GraduateProject/mysite/myapp/views/user/auth.py changed, reloading.
Watching for file changes with StatReloader
"POST /api/user/logout/ HTTP/1.1" 200 52
"GET / HTTP/1.1" 200 21658
Unauthorized: /api/user/profile/
"GET /api/user/profile/ HTTP/1.1" 401 52
"POST /api/user/login/ HTTP/1.1" 200 127
"GET /api/profile/ HTTP/1.1" 200 25882
"GET /api/user/profile/ HTTP/1.1" 200 11180
"GET /api/user/profile/ HTTP/1.1" 200 11180
"PUT /api/user/profile/ HTTP/1.1" 200 238752
"POST /api/user/logout/ HTTP/1.1" 200 52
"POST /api/user/login/ HTTP/1.1" 200 127
"GET /api/user/profile/ HTTP/1.1" 200 238924
"PUT /api/user/profile/ HTTP/1.1" 200 87704
"GET /api/history/ HTTP/1.1" 200 30329
"GET /api/contract/ HTTP/1.1" 200 467
"GET /api/user/profile/ HTTP/1.1" 200 87876
"GET /api/contract/c172ddc8-8a16-4a32-83ce-8aebde37b137/ HTTP/1.1" 200 5937
"GET /api/check/ HTTP/1.1" 200 27188
"GET /api/user/profile/ HTTP/1.1" 200 87876
"GET /api/create/ HTTP/1.1" 200 54003
"GET /api/user/profile/ HTTP/1.1" 200 87876
"GET /api/history/ HTTP/1.1" 200 30329
"GET /api/user/profile/ HTTP/1.1" 200 87876
"GET /api/contract/ HTTP/1.1" 200 467
"GET /api/contract/d52da2a3-4ff3-4834-995e-85f3d8283613/ HTTP/1.1" 200 5953
"GET /api/contract/d52da2a3-4ff3-4834-995e-85f3d8283613/ HTTP/1.1" 200 5953
"GET /api/contract/d52da2a3-4ff3-4834-995e-85f3d8283613/ HTTP/1.1" 200 5953
"GET /api/profile/ HTTP/1.1" 200 25882
"GET /api/user/profile/ HTTP/1.1" 200 87876
"GET /api/user/profile/ HTTP/1.1" 200 87876
"GET /api/create/ HTTP/1.1" 200 54003
"GET /api/user/profile/ HTTP/1.1" 200 87876
"GET /api/check/ HTTP/1.1" 200 27188
"GET /api/user/profile/ HTTP/1.1" 200 87876
"GET /api/history/ HTTP/1.1" 200 30329
"GET /api/contract/ HTTP/1.1" 200 467
"GET /api/user/profile/ HTTP/1.1" 200 87876
"GET /api/check/ HTTP/1.1" 200 27188
"GET /api/user/profile/ HTTP/1.1" 200 87876
"GET /api/create/ HTTP/1.1" 200 54003
"GET /api/user/profile/ HTTP/1.1" 200 87876
"GET /api/check/ HTTP/1.1" 200 27188
"GET /api/user/profile/ HTTP/1.1" 200 87876
"GET /api/history/ HTTP/1.1" 200 30329
"GET /api/contract/ HTTP/1.1" 200 467
"GET /api/user/profile/ HTTP/1.1" 200 87876
"GET /api/check/ HTTP/1.1" 200 27188
"GET /api/user/profile/ HTTP/1.1" 200 87876
"GET /api/history/ HTTP/1.1" 200 30329
"GET /api/user/profile/ HTTP/1.1" 200 87876
"GET /api/contract/ HTTP/1.1" 200 467
"GET /api/create/ HTTP/1.1" 200 54003
"GET /api/user/profile/ HTTP/1.1" 200 87876
"GET /api/profile/ HTTP/1.1" 200 25882
"GET /api/user/profile/ HTTP/1.1" 200 87876
"GET /api/user/profile/ HTTP/1.1" 200 87876
"GET /api/history/ HTTP/1.1" 200 30329
"GET /api/contract/ HTTP/1.1" 200 467
"GET /api/user/profile/ HTTP/1.1" 200 87876
"GET /api/check/ HTTP/1.1" 200 27188
"GET /api/user/profile/ HTTP/1.1" 200 87876
"GET /api/create/ HTTP/1.1" 200 54003
"GET /api/user/profile/ HTTP/1.1" 200 87876
"GET /api/check/ HTTP/1.1" 200 27188
"GET /api/user/profile/ HTTP/1.1" 200 87876
"GET /api/profile/ HTTP/1.1" 200 25882
"GET /api/user/profile/ HTTP/1.1" 200 87876
"GET /api/user/profile/ HTTP/1.1" 200 87876
Watching for file changes with StatReloader
"GET /api/profile/ HTTP/1.1" 200 25882
"GET /api/user/profile/ HTTP/1.1" 200 87876
"GET /api/user/profile/ HTTP/1.1" 200 87876
"POST /api/user/logout/ HTTP/1.1" 200 52
Unauthorized: /api/user/login/
"POST /api/user/login/ HTTP/1.1" 401 76
